via,numero_de_la_via,via,cruce_1,via,cruce_2,direccion_completa,precio,zona,kilometros,USD
Calle,5,Avenida,40,Avenida,42,Calle 5 entre Avenida 40 y Avenida 42,475,Reina,"3,4","0,65"
Calle,7,Avenida,36,Avenida,38,Calle 7 entre Avenida 36 y Avenida 38,464,Reina,"3,3","0,64"
Calle,7,Avenida,38,Avenida,40,Calle 7 entre Avenida 38 y Avenida 40,454,Reina,"3,2","0,62"
Calle,7,Avenida,40,Avenida,42,Calle 7 entre Avenida 40 y Avenida 42,443,Reina,"3,1","0,61"
Calle,7,Avenida,42,Avenida,44,Calle 7 entre Avenida 42 y Avenida 44,432,Reina,3,"0,59"
Calle,7,Avenida,44,Avenida,46,Calle 7 entre Avenida 44 y Avenida 46,421,Reina,"2,9","0,58"
Calle,7,Avenida,46,Avenida,48,Calle 7 entre Avenida 46 y Avenida 48,410,Reina,"2,8","0,56"
Calle,7,Avenida,48,Avenida,50,Calle 7 entre Avenida 48 y Avenida 50,410,Reina,"2,8","0,56"
Calle,7,Avenida,50,Avenida,52,Calle 7 entre Avenida 50 y Avenida 52,421,Reina,"2,9","0,58"
Calle,7A,Avenida,46,Avenida,48,Calle 7A entre Avenida 46 y Avenida 48,410,Reina,"2,8","0,56"
Calle,7A,Avenida,48,Avenida,50,Calle 7A entre Avenida 48 y Avenida 50,421,Reina,"2,9","0,58"
Calle,9,Avenida,34,Avenida,36,Calle 9 entre Avenida 34 y Avenida 36,454,Reina,"3,2","0,62"
Calle,9,Avenida,36,Avenida,38,Calle 9 entre Avenida 36 y Avenida 38,443,Reina,"3,1","0,61"
Calle,9,Avenida,38,Avenida,40,Calle 9 entre Avenida 38 y Avenida 40,432,Reina,3,"0,59"
Calle,9,Avenida,40,Avenida,42,Calle 9 entre Avenida 40 y Avenida 42,421,Reina,"2,9","0,58"
Calle,9,Avenida,42,Avenida,44,Calle 9 entre Avenida 42 y Avenida 44,410,Reina,"2,8","0,56"
Calle,9,Avenida,44,Avenida,46,Calle 9 entre Avenida 44 y Avenida 46,400,Reina,"2,7","0,55"
Calle,9,Avenida,50,Avenida,52,Calle 9 entre Avenida 50 y Avenida 52,400,Reina,"2,7","0,55"
Calle,9,Avenida,52,Avenida,54,Calle 9 entre Avenida 52 y Avenida 54,410,Reina,"2,8","0,56"
Calle,9,Avenida,54,Avenida,56,Calle 9 entre Avenida 54 y Avenida 56,421,Reina,"2,9","0,58"
Calle,9,Avenida,56,Avenida,58,Calle 9 entre Avenida 56 y Avenida 58,432,Reina,3,"0,59"
Calle,9A,Avenida,46,Avenida,48,Calle 9A entre Avenida 46 y Avenida 48,389,Reina,"2,6","0,53"
Calle,9A,Avenida,48,Avenida,50,Calle 9A entre Avenida 48 y Avenida 50,389,Reina,"2,6","0,53"
Calle,9A,Avenida,52,Avenida,54,Calle 9A entre Avenida 52 y Avenida 54,421,Reina,"2,9","0,58"
Calle,9A,Avenida,54,Avenida,56,Calle 9A entre Avenida 54 y Avenida 56,443,Reina,"3,1","0,61"
Calle,9A,Avenida,56,Avenida,58,Calle 9A entre Avenida 56 y Avenida 58,454,Reina,"3,2","0,62"
Calle,11,Avenida,38,Avenida,40,Calle 11 entre Avenida 38 y Avenida 40,421,Reina,"2,9","0,58"
Calle,11,Avenida,40,Avenida,42,Calle 11 entre Avenida 40 y Avenida 42,410,Reina,"2,8","0,56"
Calle,11,Avenida,42,Avenida,44,Calle 11 entre Avenida 42 y Avenida 44,400,Reina,"2,7","0,55"
Calle,11,Avenida,44,Avenida,46,Calle 11 entre Avenida 44 y Avenida 46,389,Reina,"2,6","0,53"
Calle,11,Avenida,46,Avenida,48,Calle 11 entre Avenida 46 y Avenida 48,378,Reina,"2,5","0,52"
Calle,11,Avenida,48,Avenida,50,Calle 11 entre Avenida 48 y Avenida 50,378,Reina,"2,5","0,52"
Calle,11,Avenida,50,Avenida,52,Calle 11 entre Avenida 50 y Avenida 52,389,Reina,"2,6","0,53"
Calle,13,Avenida,42,Avenida,44,Calle 13 entre Avenida 42 y Avenida 44,389,Reina,"2,6","0,53"
Calle,13,Avenida,44,Avenida,46,Calle 13 entre Avenida 44 y Avenida 46,378,Reina,"2,5","0,52"
Calle,13,Avenida,46,Avenida,48,Calle 13 entre Avenida 46 y Avenida 48,367,Reina,"2,4","0,50"
Calle,13,Avenida,48,Avenida,50,Calle 13 entre Avenida 48 y Avenida 50,367,Reina,"2,4","0,50"
Calle,13,Avenida,50,Avenida,52,Calle 13 entre Avenida 50 y Avenida 52,378,Reina,"2,5","0,52"
Calle,15,Avenida,44,Avenida,46,Calle 15 entre Avenida 44 y Avenida 46,367,Reina,"2,4","0,50"
Calle,15,Avenida,46,Avenida,48,Calle 15 entre Avenida 46 y Avenida 48,356,Reina,"2,3","0,49"
Calle,15,Avenida,48,Avenida,50,Calle 15 entre Avenida 48 y Avenida 50,356,Reina,"2,3","0,49"
Calle,15,Avenida,50,Avenida,52,Calle 15 entre Avenida 50 y Avenida 52,367,Reina,"2,4","0,50"
Calle,15,Avenida,52,Avenida,54,Calle 15 entre Avenida 52 y Avenida 54,378,Reina,"2,5","0,52"
Calle,17,Avenida,44,Avenida,46,Calle 17 entre Avenida 44 y Avenida 46,346,Reina,"2,2","0,47"
Calle,17,Avenida,46,Avenida,48,Calle 17 entre Avenida 46 y Avenida 48,335,Reina,"2,1","0,46"
Calle,17,Avenida,48,Avenida,50,Calle 17 entre Avenida 48 y Avenida 50,335,Reina,"2,1","0,46"
Calle,17,Avenida,50,Avenida,52,Calle 17 entre Avenida 50 y Avenida 52,346,Reina,"2,2","0,47"
Calle,17,Avenida,52,Avenida,54,Calle 17 entre Avenida 52 y Avenida 54,356,Reina,"2,3","0,49"
Calle,19,Avenida,44,Avenida,46,Calle 19 entre Avenida 44 y Avenida 46,313,Reina,"1,9","0,43"
Calle,19,Avenida,46,Avenida,48,Calle 19 entre Avenida 46 y Avenida 48,324,Reina,2,"0,44"
Calle,19,Avenida,48,Avenida,50,Calle 19 entre Avenida 48 y Avenida 50,324,Reina,2,"0,44"
Calle,19,Avenida,50,Avenida,52,Calle 19 entre Avenida 50 y Avenida 52,335,Reina,"2,1","0,46"
Calle,19,Avenida,52,Avenida,54,Calle 19 entre Avenida 52 y Avenida 54,346,Reina,"2,2","0,47"
Calle,19,Avenida,54,Avenida,56,Calle 19 entre Avenida 54 y Avenida 56,356,Reina,"2,3","0,49"
Calle,19,Avenida,56,Avenida,58,Calle 19 entre Avenida 56 y Avenida 58,367,Reina,"2,4","0,50"
Calle,21,Avenida,46,Avenida,48,Calle 21 entre Avenida 46 y Avenida 48,335,Casco Historico,"2,1","0,46"
Calle,21,Avenida,48,Avenida,50,Calle 21 entre Avenida 48 y Avenida 50,335,Casco Historico,"2,1","0,46"
Calle,21,Avenida,50,Avenida,52,Calle 21 entre Avenida 50 y Avenida 52,346,Casco Historico,"2,2","0,47"
Calle,21,Avenida,52,Avenida,54,Calle 21 entre Avenida 52 y Avenida 54,356,Casco Historico,"2,3","0,49"
Calle,21,Avenida,54,Avenida,56,Calle 21 entre Avenida 54 y Avenida 56,367,Casco Historico,"2,4","0,50"
Calle,21,Avenida,56,Avenida,58,Calle 21 entre Avenida 56 y Avenida 58,378,Casco Historico,"2,5","0,52"
Calle,21,Avenida,58,Avenida,60,Calle 21 entre Avenida 58 y Avenida 60,389,Casco Historico,"2,6","0,53"
Calle,21,Avenida,60,Avenida,62,Calle 21 entre Avenida 60 y Avenida 62,400,Casco Historico,"2,7","0,55"
Calle,23,Avenida,46,Avenida,48,Calle 23 entre Avenida 46 y Avenida 48,324,Casco Historico,2,"0,44"
Calle,23,Avenida,48,Avenida,50,Calle 23 entre Avenida 48 y Avenida 50,324,Casco Historico,2,"0,44"
Calle,23,Avenida,50,Avenida,52,Calle 23 entre Avenida 50 y Avenida 52,335,Casco Historico,"2,1","0,46"
Calle,23,Avenida,52,Avenida,54,Calle 23 entre Avenida 52 y Avenida 54,346,Casco Historico,"2,2","0,47"
Calle,23,Avenida,54,Avenida,56,Calle 23 entre Avenida 54 y Avenida 56,356,Casco Historico,"2,3","0,49"
Calle,23,Avenida,56,Avenida,58,Calle 23 entre Avenida 56 y Avenida 58,367,Casco Historico,"2,4","0,50"
Calle,23,Avenida,58,Avenida,60,Calle 23 entre Avenida 58 y Avenida 60,378,Casco Historico,"2,5","0,52"
Calle,23,Avenida,60,Avenida,62,Calle 23 entre Avenida 60 y Avenida 62,389,Casco Historico,"2,6","0,53"
Calle,25,Avenida,46,Avenida,48,Calle 25 entre Avenida 46 y Avenida 48,302,Casco Historico,"1,8","0,41"
Calle,25,Avenida,48,Avenida,50,Calle 25 entre Avenida 48 y Avenida 50,302,Casco Historico,"1,8","0,41"
Calle,25,Avenida,50,Avenida,52,Calle 25 entre Avenida 50 y Avenida 52,313,Casco Historico,"1,9","0,43"
Calle,25,Avenida,52,Avenida,54,Calle 25 entre Avenida 52 y Avenida 54,324,Casco Historico,2,"0,44"
Calle,25,Avenida,54,Avenida,56,Calle 25 entre Avenida 54 y Avenida 56,335,Casco Historico,"2,1","0,46"
Calle,25,Avenida,56,Avenida,58,Calle 25 entre Avenida 56 y Avenida 58,346,Casco Historico,"2,2","0,47"
Calle,25,Avenida,58,Avenida,60,Calle 25 entre Avenida 58 y Avenida 60,356,Casco Historico,"2,3","0,49"
Calle,25,Avenida,60,Avenida,62,Calle 25 entre Avenida 60 y Avenida 62,367,Casco Historico,"2,4","0,50"
Calle,25A,Avenida,82A,Avenida,82B,Calle 25A entre Avenida 82A y Avenida 82B,572,Pastorita,"4,3","0,78"
Calle,27,Avenida,46,Avenida,48,Calle 27 entre Avenida 46 y Avenida 48,281,Casco Historico,"1,6","0,38"
Calle,27,Avenida,48,Avenida,50,Calle 27 entre Avenida 48 y Avenida 50,281,Casco Historico,"1,6","0,38"
Calle,27,Avenida,50,Avenida,52,Calle 27 entre Avenida 50 y Avenida 52,292,Casco Historico,"1,7","0,40"
Calle,27,Avenida,52,Avenida,54,Calle 27 entre Avenida 52 y Avenida 54,302,Casco Historico,"1,8","0,41"
Calle,27,Avenida,56,Avenida,58,Calle 27 entre Avenida 56 y Avenida 58,313,Casco Historico,"1,9","0,43"
Calle,27,Avenida,58,Avenida,60,Calle 27 entre Avenida 58 y Avenida 60,324,Casco Historico,2,"0,44"
Calle,27,Avenida,60,Avenida,62,Calle 27 entre Avenida 60 y Avenida 62,335,Casco Historico,"2,1","0,46"
Calle,27,Avenida,82A,Avenida,82B,Calle 27 entre Avenida 82A y Avenida 82B,572,Pastorita,"4,3","0,78"
Calle,27,Avenida,82B,Avenida,84,Calle 27 entre Avenida 82B y Avenida 84,583,Pastorita,"4,4","0,80"
Calle,29,Avenida,46,Avenida,48,Calle 29 entre Avenida 46 y Avenida 48,281,Casco Historico,"1,6","0,38"
Calle,29,Avenida,48,Avenida,50,Calle 29 entre Avenida 48 y Avenida 50,281,Casco Historico,"1,6","0,38"
Calle,29,Avenida,50,Avenida,52,Calle 29 entre Avenida 50 y Avenida 52,292,Casco Historico,"1,7","0,40"
Calle,29,Avenida,52,Avenida,54,Calle 29 entre Avenida 52 y Avenida 54,302,Casco Historico,"1,8","0,41"
Calle,29,Avenida,54,Avenida,56,Calle 29 entre Avenida 54 y Avenida 56,313,Casco Historico,"1,9","0,43"
Calle,29,Avenida,56,Avenida,58,Calle 29 entre Avenida 56 y Avenida 58,324,Casco Historico,2,"0,44"
Calle,29,Avenida,58,Avenida,60,Calle 29 entre Avenida 58 y Avenida 60,335,Casco Historico,"2,1","0,46"
Calle,29,Avenida,60,Avenida,62,Calle 29 entre Avenida 60 y Avenida 62,346,Casco Historico,"2,2","0,47"
Calle,29,Avenida,62,Avenida,64,Calle 29 entre Avenida 62 y Avenida 64,356,Casco Historico,"2,3","0,49"
Calle,29,Avenida,66,Avenida,68,Calle 29 entre Avenida 66 y Avenida 68,367,Punta Gotica,"2,4","0,50"
Calle,29,Calle,31,Avenida,84,Calle 29 entre Calle 31 y Avenida 84,594,Pastorita,"4,5","0,81"
Calle,29,Avenida,84A,Avenida,90,Calle 29 entre Avenida 84A y Avenida 90,572,Pastorita,"4,3","0,78"
Calle,29,Avenida,90,Calle,CARRETERA DEL PUERTO,Calle 29 entre Avenida 90 y Calle CARRETERA DEL PUERTO,626,Pastorita,"4,8","0,86"
Calle,31,Avenida,46,Avenida,48,Calle 31 entre Avenida 46 y Avenida 48,259,Casco Historico,"1,4","0,36"
Calle,31,Avenida,48,Avenida,50,Calle 31 entre Avenida 48 y Avenida 50,259,Casco Historico,"1,4","0,36"
Calle,31,Avenida,50,Avenida,52,Calle 31 entre Avenida 50 y Avenida 52,270,Casco Historico,"1,5","0,37"
Calle,31,Avenida,52,Avenida,54,Calle 31 entre Avenida 52 y Avenida 54,281,Casco Historico,"1,6","0,38"
Calle,31,Avenida,54,Avenida,56,Calle 31 entre Avenida 54 y Avenida 56,292,Casco Historico,"1,7","0,40"
Calle,31,Avenida,56,Avenida,58,Calle 31 entre Avenida 56 y Avenida 58,302,Casco Historico,"1,8","0,41"
Calle,31,Avenida,58,Avenida,60,Calle 31 entre Avenida 58 y Avenida 60,313,Casco Historico,"1,9","0,43"
Calle,31,Avenida,60,Avenida,62,Calle 31 entre Avenida 60 y Avenida 62,324,Casco Historico,2,"0,44"
Calle,31,Avenida,62,Avenida,64,Calle 31 entre Avenida 62 y Avenida 64,335,Casco Historico,"2,1","0,46"
Calle,31,Avenida,64,Avenida,66,Calle 31 entre Avenida 64 y Avenida 66,346,Punta Gotica,"2,2","0,47"
Calle,31,Avenida,66,Avenida,68,Calle 31 entre Avenida 66 y Avenida 68,356,Punta Gotica,"2,3","0,49"
Calle,31,Avenida,68,Avenida,70,Calle 31 entre Avenida 68 y Avenida 70,367,Punta Gotica,"2,4","0,50"
Calle,31,Avenida,29,Avenida,84,Calle 31 entre Avenida 29 y Avenida 84,594,Pastorita,"4,5","0,81"
Calle,31,Avenida,84,Avenida,86,Calle 31 entre Avenida 84 y Avenida 86,605,Pastorita,"4,6","0,83"
Calle,31,Avenida,86,Avenida,88,Calle 31 entre Avenida 86 y Avenida 88,616,Pastorita,"4,7","0,84"
Calle,31,Avenida,88,Avenida,90,Calle 31 entre Avenida 88 y Avenida 90,626,Pastorita,"4,8","0,86"
Calle,31,Avenida,90,Calle,CARRETERA DEL PUERTO,Calle 31 entre Avenida 90 y Calle CARRETERA DEL PUERTO,637,Pastorita,"4,9","0,87"
Calle,33,Avenida,2,Avenida,4,Calle 33 entre Avenida 2 y Avenida 4,238,Punta Gorda,"1,2","0,33"
Calle,33,Avenida,40,Avenida,42,Calle 33 entre Avenida 40 y Avenida 42,248,Casco Historico,"1,3","0,34"
Calle,33,Avenida,42,Avenida,44,Calle 33 entre Avenida 42 y Avenida 44,259,Casco Historico,"1,4","0,36"
Calle,33,Avenida,46,Avenida,48,Calle 33 entre Avenida 46 y Avenida 48,270,Casco Historico,"1,5","0,37"
Calle,33,Avenida,48,Avenida,50,Calle 33 entre Avenida 48 y Avenida 50,270,Casco Historico,"1,5","0,37"
Calle,33,Avenida,50,Avenida,52,Calle 33 entre Avenida 50 y Avenida 52,281,Casco Historico,"1,6","0,38"
Calle,33,Avenida,52,Avenida,54,Calle 33 entre Avenida 52 y Avenida 54,292,Casco Historico,"1,7","0,40"
Calle,33,Avenida,54,Avenida,56,Calle 33 entre Avenida 54 y Avenida 56,302,Casco Historico,"1,8","0,41"
Calle,33,Avenida,56,Avenida,58,Calle 33 entre Avenida 56 y Avenida 58,313,Casco Historico,"1,9","0,43"
Calle,33,Avenida,58,Avenida,60,Calle 33 entre Avenida 58 y Avenida 60,324,Casco Historico,2,"0,44"
Calle,33,Avenida,60,Avenida,62,Calle 33 entre Avenida 60 y Avenida 62,335,Casco Historico,"2,1","0,46"
Calle,33,Avenida,62,Avenida,64,Calle 33 entre Avenida 62 y Avenida 64,346,Casco Historico,"2,2","0,47"
Calle,33,Avenida,64,Avenida,66,Calle 33 entre Avenida 64 y Avenida 66,356,Punta Gotica,"2,3","0,49"
Calle,33,Avenida,66,Avenida,68,Calle 33 entre Avenida 66 y Avenida 68,367,Punta Gotica,"2,4","0,50"
Calle,33,Avenida,68,Avenida,70,Calle 33 entre Avenida 68 y Avenida 70,378,Punta Gotica,"2,5","0,52"
Calle,33,Avenida,70,Avenida,72,Calle 33 entre Avenida 70 y Avenida 72,389,Punta Gotica,"2,6","0,53"
Calle,33,Avenida,72,Avenida,74,Calle 33 entre Avenida 72 y Avenida 74,400,Punta Gotica,"2,7","0,55"
Calle,33A,Calle,33,Avenida,84,Calle 33A entre Calle 33 y Avenida 84,572,Pastorita,"4,3","0,78"
Calle,33A,Avenida,84,Avenida,86,Calle 33A entre Avenida 84 y Avenida 86,594,Pastorita,"4,5","0,81"
Calle,33A,Avenida,86,Avenida,88,Calle 33A entre Avenida 86 y Avenida 88,594,Pastorita,"4,5","0,81"
Calle,33,Avenida,82,Calle,33A,Calle 33 entre Avenida 82 y Calle 33A,562,Pastorita,"4,2","0,77"
Calle,33,Calle,33A,Avenida,84,Calle 33 entre Calle 33A y Avenida 84,562,Pastorita,"4,2","0,77"
Calle,35,Avenida,0,Avenida,litoral,Calle 35 entre Avenida 0 y Avenida litoral,540,Litoral,4,"0,74"
Calle,35,Avenida,0,Avenida,2,Calle 35 entre Avenida 0 y Avenida 2,475,Punta Gorda,"3,4","0,65"
Calle,35,Avenida,2,Avenida,4,Calle 35 entre Avenida 2 y Avenida 4,464,Punta Gorda,"3,3","0,64"
Calle,35,Avenida,4,Avenida,6,Calle 35 entre Avenida 4 y Avenida 6,454,Punta Gorda,"3,2","0,62"
Calle,35,Avenida,6,Avenida,8,Calle 35 entre Avenida 6 y Avenida 8,443,Punta Gorda,"3,1","0,61"
Calle,35,Avenida,12,Avenida,14,Calle 35 entre Avenida 12 y Avenida 14,410,Punta Gorda,"2,8","0,56"
Calle,35,Avenida,14,Avenida,16,Calle 35 entre Avenida 14 y Avenida 16,400,Punta Gorda,"2,7","0,55"
Calle,35,Avenida,16,Avenida,18,Calle 35 entre Avenida 16 y Avenida 18,389,Punta Gorda,"2,6","0,53"
Calle,35,Avenida,18,Avenida,20,Calle 35 entre Avenida 18 y Avenida 20,378,Punta Gorda,"2,5","0,52"
Calle,35,Avenida,20,Avenida,22,Calle 35 entre Avenida 20 y Avenida 22,356,Punta Gorda,"2,3","0,49"
Calle,35,Avenida,38,Avenida,40,Calle 35 entre Avenida 38 y Avenida 40,238,Casco Historico,"1,2","0,33"
Calle,35,Avenida,40,Avenida,42,Calle 35 entre Avenida 40 y Avenida 42,238,Casco Historico,"1,2","0,33"
Calle,35,Avenida,42,Avenida,44,Calle 35 entre Avenida 42 y Avenida 44,248,Casco Historico,"1,3","0,34"
Calle,35,Avenida,44,Avenida,46,Calle 35 entre Avenida 44 y Avenida 46,259,Casco Historico,"1,4","0,36"
Calle,35,Avenida,46,Avenida,48,Calle 35 entre Avenida 46 y Avenida 48,270,Casco Historico,"1,5","0,37"
Calle,35,Avenida,48,Avenida,50,Calle 35 entre Avenida 48 y Avenida 50,281,Casco Historico,"1,6","0,38"
Calle,35,Avenida,50,Avenida,52,Calle 35 entre Avenida 50 y Avenida 52,292,Casco Historico,"1,7","0,40"
Calle,35,Avenida,52,Avenida,54,Calle 35 entre Avenida 52 y Avenida 54,302,Casco Historico,"1,8","0,41"
Calle,35,Avenida,54,Avenida,56,Calle 35 entre Avenida 54 y Avenida 56,313,Casco Historico,"1,9","0,43"
Calle,35,Avenida,56,Avenida,58,Calle 35 entre Avenida 56 y Avenida 58,324,Casco Historico,2,"0,44"
Calle,35,Avenida,58,Avenida,60,Calle 35 entre Avenida 58 y Avenida 60,335,Casco Historico,"2,1","0,46"
Calle,35,Avenida,60,Avenida,62,Calle 35 entre Avenida 60 y Avenida 62,346,Casco Historico,"2,2","0,47"
Calle,35,Avenida,62,Avenida,64,Calle 35 entre Avenida 62 y Avenida 64,356,Casco Historico,"2,3","0,49"
Calle,35,Avenida,64,Avenida,66,Calle 35 entre Avenida 64 y Avenida 66,367,Punta Gotica,"2,4","0,50"
Calle,35,Avenida,66,Avenida,68,Calle 35 entre Avenida 66 y Avenida 68,378,Punta Gotica,"2,5","0,52"
Calle,35,Avenida,68,Avenida,70,Calle 35 entre Avenida 68 y Avenida 70,389,Punta Gotica,"2,6","0,53"
Calle,35,Avenida,70,Avenida,72,Calle 35 entre Avenida 70 y Avenida 72,400,Punta Gotica,"2,7","0,55"
Calle,35,Avenida,72,Avenida,74,Calle 35 entre Avenida 72 y Avenida 74,410,Punta Gotica,"2,8","0,56"
Calle,35,Avenida,82,Avenida,84,Calle 35 entre Avenida 82 y Avenida 84,551,Pastorita,"4,1","0,75"
Calle,35,Avenida,84,Avenida,86,Calle 35 entre Avenida 84 y Avenida 86,572,Pastorita,"4,3","0,78"
Calle,35,Avenida,86,Avenida,88,Calle 35 entre Avenida 86 y Avenida 88,583,Pastorita,"4,4","0,80"
Calle,35,Avenida,88,Avenida,90,Calle 35 entre Avenida 88 y Avenida 90,605,Pastorita,"4,6","0,83"
Calle,37,Avenida,0,Avenida,2,Calle 37 entre Avenida 0 y Avenida 2,454,Punta Gorda,"3,2","0,62"
Calle,37,Avenida,2,Avenida,4,Calle 37 entre Avenida 2 y Avenida 4,443,Punta Gorda,"3,1","0,61"
Calle,37,Avenida,4,Avenida,6,Calle 37 entre Avenida 4 y Avenida 6,432,Punta Gorda,3,"0,59"
Calle,37,Avenida,6,Avenida,8,Calle 37 entre Avenida 6 y Avenida 8,421,Punta Gorda,"2,9","0,58"
Calle,37,Avenida,8,Avenida,10,Calle 37 entre Avenida 8 y Avenida 10,410,Punta Gorda,"2,8","0,56"
Calle,37,Avenida,10,Avenida,12,Calle 37 entre Avenida 10 y Avenida 12,400,Punta Gorda,"2,7","0,55"
Calle,37,Avenida,12,Avenida,14,Calle 37 entre Avenida 12 y Avenida 14,389,Punta Gorda,"2,6","0,53"
Calle,37,Avenida,14,Avenida,16,Calle 37 entre Avenida 14 y Avenida 16,378,Punta Gorda,"2,5","0,52"
Calle,37,Avenida,16,Avenida,18,Calle 37 entre Avenida 16 y Avenida 18,367,Punta Gorda,"2,4","0,50"
Calle,37,Avenida,18,Avenida,20,Calle 37 entre Avenida 18 y Avenida 20,356,Punta Gorda,"2,3","0,49"
Calle,37,Avenida,20,Avenida,22,Calle 37 entre Avenida 20 y Avenida 22,346,Punta Gorda,"2,2","0,47"
Calle,37,Avenida,22,Avenida,24,Calle 37 entre Avenida 22 y Avenida 24,335,Casco Historico,"2,1","0,46"
Calle,37,Avenida,24,Avenida,26,Calle 37 entre Avenida 24 y Avenida 26,324,Casco Historico,2,"0,44"
Calle,37,Avenida,26,Avenida,28,Calle 37 entre Avenida 26 y Avenida 28,313,Casco Historico,"1,9","0,43"
Calle,37,Avenida,28,Avenida,30,Calle 37 entre Avenida 28 y Avenida 30,302,Casco Historico,"1,8","0,41"
Calle,37,Avenida,30,Avenida,32,Calle 37 entre Avenida 30 y Avenida 32,292,Casco Historico,"1,7","0,40"
Calle,37,Avenida,32,Avenida,34,Calle 37 entre Avenida 32 y Avenida 34,281,Casco Historico,"1,6","0,38"
Calle,37,Avenida,34,Avenida,36,Calle 37 entre Avenida 34 y Avenida 36,270,Casco Historico,"1,5","0,37"
Calle,37,Avenida,36,Avenida,38,Calle 37 entre Avenida 36 y Avenida 38,259,Casco Historico,"1,4","0,36"
Calle,37,Avenida,38,Avenida,40,Calle 37 entre Avenida 38 y Avenida 40,248,Casco Historico,"1,3","0,34"
Calle,37,Avenida,40,Avenida,42,Calle 37 entre Avenida 40 y Avenida 42,238,Casco Historico,"1,2","0,33"
Calle,37,Avenida,42,Avenida,44,Calle 37 entre Avenida 42 y Avenida 44,238,Casco Historico,"1,2","0,33"
Calle,37,Avenida,44,Avenida,46,Calle 37 entre Avenida 44 y Avenida 46,248,Casco Historico,"1,3","0,34"
Calle,37,Avenida,46,Avenida,48,Calle 37 entre Avenida 46 y Avenida 48,259,Casco Historico,"1,4","0,36"
Calle,37,Avenida,48,Avenida,50,Calle 37 entre Avenida 48 y Avenida 50,270,Casco Historico,"1,5","0,37"
Calle,37,Avenida,50,Avenida,52,Calle 37 entre Avenida 50 y Avenida 52,281,Casco Historico,"1,6","0,38"
Calle,37,Avenida,52,Avenida,54,Calle 37 entre Avenida 52 y Avenida 54,292,Casco Historico,"1,7","0,40"
Calle,37,Avenida,54,Avenida,56,Calle 37 entre Avenida 54 y Avenida 56,302,Casco Historico,"1,8","0,41"
Calle,37,Avenida,56,Avenida,58,Calle 37 entre Avenida 56 y Avenida 58,313,Casco Historico,"1,9","0,43"
Calle,37,Avenida,58,Avenida,60,Calle 37 entre Avenida 58 y Avenida 60,324,Casco Historico,2,"0,44"
Calle,37,Avenida,60,Avenida,62,Calle 37 entre Avenida 60 y Avenida 62,335,Casco Historico,"2,1","0,46"
Calle,37,Avenida,62,Avenida,64,Calle 37 entre Avenida 62 y Avenida 64,346,Casco Historico,"2,2","0,47"
Calle,37,Avenida,64,Avenida,66,Calle 37 entre Avenida 64 y Avenida 66,356,Punta Gotica,"2,3","0,49"
Calle,37,Avenida,66,Avenida,68,Calle 37 entre Avenida 66 y Avenida 68,367,Punta Gotica,"2,4","0,50"
Calle,37,Avenida,68,Avenida,70,Calle 37 entre Avenida 68 y Avenida 70,378,Punta Gotica,"2,5","0,52"
Calle,37,Avenida,70,Avenida,72,Calle 37 entre Avenida 70 y Avenida 72,389,Punta Gotica,"2,6","0,53"
Calle,37,Avenida,72,Avenida,74,Calle 37 entre Avenida 72 y Avenida 74,400,San Lazaro,"2,7","0,55"
Calle,39,Avenida,4,Avenida,6,Calle 39 entre Avenida 4 y Avenida 6,389,Punta Gorda,"2,6","0,53"
Calle,39,Avenida,6,Avenida,8,Calle 39 entre Avenida 6 y Avenida 8,378,Punta Gorda,"2,5","0,52"
Calle,39,Avenida,8,Avenida,10,Calle 39 entre Avenida 8 y Avenida 10,367,Punta Gorda,"2,4","0,50"
Calle,39,Avenida,10,Avenida,12,Calle 39 entre Avenida 10 y Avenida 12,356,Punta Gorda,"2,3","0,49"
Calle,39,Avenida,12,Avenida,14,Calle 39 entre Avenida 12 y Avenida 14,346,Punta Gorda,"2,2","0,47"
Calle,39,Avenida,14,Avenida,16,Calle 39 entre Avenida 14 y Avenida 16,335,Punta Gorda,"2,1","0,46"
Calle,39,Avenida,16,Avenida,18,Calle 39 entre Avenida 16 y Avenida 18,324,Punta Gorda,2,"0,44"
Calle,39,Avenida,18,Avenida,20,Calle 39 entre Avenida 18 y Avenida 20,313,Punta Gorda,"1,9","0,43"
Calle,39,Avenida,20,Avenida,22,Calle 39 entre Avenida 20 y Avenida 22,302,Punta Gorda,"1,8","0,41"
Calle,39,Avenida,22,Avenida,24,Calle 39 entre Avenida 22 y Avenida 24,292,Casco Historico,"1,7","0,40"
Calle,39,Avenida,24,Avenida,26,Calle 39 entre Avenida 24 y Avenida 26,281,Casco Historico,"1,6","0,38"
Calle,39,Avenida,32,Avenida,34,Calle 39 entre Avenida 32 y Avenida 34,248,Casco Historico,"1,3","0,34"
Calle,39,Avenida,34,Avenida,36,Calle 39 entre Avenida 34 y Avenida 36,238,Casco Historico,"1,2","0,33"
Calle,39,Avenida,36,Avenida,38,Calle 39 entre Avenida 36 y Avenida 38,227,Casco Historico,"1,1","0,31"
Calle,39,Avenida,38,Avenida,40,Calle 39 entre Avenida 38 y Avenida 40,216,Casco Historico,1,"0,30"
Calle,39,Avenida,40,Avenida,42,Calle 39 entre Avenida 40 y Avenida 42,216,Casco Historico,"0,9","0,30"
Calle,39,Avenida,42,Avenida,44,Calle 39 entre Avenida 42 y Avenida 44,216,Casco Historico,"0,8","0,30"
Calle,39,Avenida,44,Avenida,46,Calle 39 entre Avenida 44 y Avenida 46,216,Casco Historico,"0,9","0,30"
Calle,39,Avenida,46,Avenida,48,Calle 39 entre Avenida 46 y Avenida 48,216,Casco Historico,1,"0,30"
Calle,39,Avenida,48,Avenida,50,Calle 39 entre Avenida 48 y Avenida 50,227,Casco Historico,"1,1","0,31"
Calle,39,Avenida,50,Avenida,52,Calle 39 entre Avenida 50 y Avenida 52,238,Casco Historico,"1,2","0,33"
Calle,39,Avenida,52,Avenida,54,Calle 39 entre Avenida 52 y Avenida 54,248,Casco Historico,"1,3","0,34"
Calle,39,Avenida,54,Avenida,56,Calle 39 entre Avenida 54 y Avenida 56,259,Casco Historico,"1,4","0,36"
Calle,39,Avenida,56,Avenida,58,Calle 39 entre Avenida 56 y Avenida 58,270,Casco Historico,"1,5","0,37"
Calle,39,Avenida,58,Avenida,60,Calle 39 entre Avenida 58 y Avenida 60,281,Casco Historico,"1,6","0,38"
Calle,39,Avenida,60,Avenida,62,Calle 39 entre Avenida 60 y Avenida 62,292,Casco Historico,"1,7","0,40"
Calle,39,Avenida,62,Avenida,64,Calle 39 entre Avenida 62 y Avenida 64,302,Casco Historico,"1,8","0,41"
Calle,39,Avenida,64,Avenida,66,Calle 39 entre Avenida 64 y Avenida 66,313,San Lazaro,"1,9","0,43"
Calle,39,Avenida,66,Avenida,68,Calle 39 entre Avenida 66 y Avenida 68,324,San Lazaro,2,"0,44"
Calle,39,Avenida,68,Avenida,70,Calle 39 entre Avenida 68 y Avenida 70,335,San Lazaro,"2,1","0,46"
Calle,39,Avenida,70,Avenida,72,Calle 39 entre Avenida 70 y Avenida 72,346,San Lazaro,"2,2","0,47"
Calle,39,Avenida,72,Avenida,74,Calle 39 entre Avenida 72 y Avenida 74,356,San Lazaro,"2,3","0,49"
Calle,39,Avenida,74,Avenida,76,Calle 39 entre Avenida 74 y Avenida 76,367,San Lazaro,"2,4","0,50"
Calle,41,Avenida,8,Avenida,10,Calle 41 entre Avenida 8 y Avenida 10,356,Punta Gorda,"2,3","0,49"
Calle,41,Avenida,10,Avenida,12,Calle 41 entre Avenida 10 y Avenida 12,346,Punta Gorda,"2,2","0,47"
Calle,41,Avenida,12,Avenida,14,Calle 41 entre Avenida 12 y Avenida 14,335,Punta Gorda,"2,1","0,46"
Calle,41,Avenida,14,Avenida,16,Calle 41 entre Avenida 14 y Avenida 16,324,Punta Gorda,2,"0,44"
Calle,41,Avenida,16,Avenida,18,Calle 41 entre Avenida 16 y Avenida 18,313,Punta Gorda,"1,9","0,43"
Calle,41,Avenida,18,Avenida,20,Calle 41 entre Avenida 18 y Avenida 20,302,Punta Gorda,"1,8","0,41"
Calle,41,Avenida,20,Avenida,22,Calle 41 entre Avenida 20 y Avenida 22,292,Punta Gorda,"1,7","0,40"
Calle,41,Avenida,22,Avenida,24,Calle 41 entre Avenida 22 y Avenida 24,281,Casco Historico,"1,6","0,38"
Calle,41,Avenida,24,Avenida,26,Calle 41 entre Avenida 24 y Avenida 26,270,Casco Historico,"1,5","0,37"
Calle,41,Avenida,32,Avenida,34,Calle 41 entre Avenida 32 y Avenida 34,227,Casco Historico,"1,1","0,31"
Calle,41,Avenida,34,Avenida,36,Calle 41 entre Avenida 34 y Avenida 36,216,Casco Historico,1,"0,30"
Calle,41,Avenida,36,Avenida,38,Calle 41 entre Avenida 36 y Avenida 38,216,Casco Historico,"0,9","0,30"
Calle,41,Avenida,38,Avenida,40,Calle 41 entre Avenida 38 y Avenida 40,216,Casco Historico,"0,8","0,30"
Calle,41,Avenida,40,Avenida,42,Calle 41 entre Avenida 40 y Avenida 42,216,Casco Historico,"0,7","0,30"
Calle,41,Avenida,42,Avenida,44,Calle 41 entre Avenida 42 y Avenida 44,216,Casco Historico,"0,7","0,30"
Calle,41,Avenida,44,Avenida,46,Calle 41 entre Avenida 44 y Avenida 46,216,Casco Historico,"0,8","0,30"
Calle,41,Avenida,46,Avenida,48,Calle 41 entre Avenida 46 y Avenida 48,216,Casco Historico,"0,9","0,30"
Calle,41,Avenida,48,Avenida,50,Calle 41 entre Avenida 48 y Avenida 50,216,Casco Historico,1,"0,30"
Calle,41,Avenida,50,Avenida,52,Calle 41 entre Avenida 50 y Avenida 52,227,Casco Historico,"1,1","0,31"
Calle,41,Avenida,52,Avenida,54,Calle 41 entre Avenida 52 y Avenida 54,238,Casco Historico,"1,2","0,33"
Calle,41,Avenida,54,Avenida,56,Calle 41 entre Avenida 54 y Avenida 56,248,Casco Historico,"1,3","0,34"
Calle,41,Avenida,56,Avenida,58,Calle 41 entre Avenida 56 y Avenida 58,259,Casco Historico,"1,4","0,36"
Calle,41,Avenida,58,Avenida,60,Calle 41 entre Avenida 58 y Avenida 60,270,Casco Historico,"1,5","0,37"
Calle,41,Avenida,60,Avenida,62,Calle 41 entre Avenida 60 y Avenida 62,281,Casco Historico,"1,6","0,38"
Calle,41,Avenida,62,Avenida,64,Calle 41 entre Avenida 62 y Avenida 64,292,Casco Historico,"1,7","0,40"
Calle,41,Avenida,64,Avenida,66,Calle 41 entre Avenida 64 y Avenida 66,302,San Lazaro,"1,8","0,41"
Calle,41,Avenida,66,Avenida,68,Calle 41 entre Avenida 66 y Avenida 68,313,San Lazaro,"1,9","0,43"
Calle,41,Avenida,68,Avenida,70,Calle 41 entre Avenida 68 y Avenida 70,324,San Lazaro,2,"0,44"
Calle,43,Avenida,12,Avenida,14,Calle 43 entre Avenida 12 y Avenida 14,324,Punta Gorda,2,"0,44"
Calle,43,Avenida,14,Avenida,16,Calle 43 entre Avenida 14 y Avenida 16,313,Punta Gorda,"1,9","0,43"
Calle,43,Avenida,16,Avenida,18,Calle 43 entre Avenida 16 y Avenida 18,302,Punta Gorda,"1,8","0,41"
Calle,43,Avenida,18,Avenida,20,Calle 43 entre Avenida 18 y Avenida 20,292,Punta Gorda,"1,7","0,40"
Calle,43,Avenida,20,Avenida,22,Calle 43 entre Avenida 20 y Avenida 22,281,Punta Gorda,"1,6","0,38"
Calle,43,Avenida,22,Avenida,24,Calle 43 entre Avenida 22 y Avenida 24,270,Casco Historico,"1,5","0,37"
Calle,43,Avenida,24,Avenida,26,Calle 43 entre Avenida 24 y Avenida 26,259,Casco Historico,"1,4","0,36"
Calle,43,Avenida,26,Avenida,28,Calle 43 entre Avenida 26 y Avenida 28,248,Casco Historico,"1,3","0,34"
Calle,43,Avenida,28,Avenida,30,Calle 43 entre Avenida 28 y Avenida 30,238,Casco Historico,"1,2","0,33"
Calle,43,Avenida,30,Avenida,32,Calle 43 entre Avenida 30 y Avenida 32,227,Casco Historico,"1,1","0,31"
Calle,43,Avenida,32,Avenida,34,Calle 43 entre Avenida 32 y Avenida 34,216,Casco Historico,1,"0,30"
Calle,43,Avenida,34,Avenida,36,Calle 43 entre Avenida 34 y Avenida 36,216,Casco Historico,"0,9","0,30"
Calle,43,Avenida,36,Avenida,38,Calle 43 entre Avenida 36 y Avenida 38,216,Casco Historico,"0,8","0,30"
Calle,43,Avenida,38,Avenida,40,Calle 43 entre Avenida 38 y Avenida 40,216,Casco Historico,"0,7","0,30"
Calle,43,Avenida,40,Avenida,42,Calle 43 entre Avenida 40 y Avenida 42,216,Casco Historico,"0,6","0,30"
Calle,43,Avenida,42,Avenida,44,Calle 43 entre Avenida 42 y Avenida 44,216,Casco Historico,"0,6","0,30"
Calle,43,Avenida,44,Avenida,46,Calle 43 entre Avenida 44 y Avenida 46,216,Casco Historico,"0,7","0,30"
Calle,43,Avenida,46,Avenida,48,Calle 43 entre Avenida 46 y Avenida 48,216,Casco Historico,"0,8","0,30"
Calle,43,Avenida,48,Avenida,50,Calle 43 entre Avenida 48 y Avenida 50,216,Casco Historico,"0,9","0,30"
Calle,43,Avenida,50,Avenida,52,Calle 43 entre Avenida 50 y Avenida 52,216,Casco Historico,1,"0,30"
Calle,43,Avenida,52,Avenida,54,Calle 43 entre Avenida 52 y Avenida 54,227,Casco Historico,"1,1","0,31"
Calle,43,Avenida,54,Avenida,56,Calle 43 entre Avenida 54 y Avenida 56,238,Casco Historico,"1,2","0,33"
Calle,43,Avenida,56,Avenida,58,Calle 43 entre Avenida 56 y Avenida 58,248,Casco Historico,"1,3","0,34"
Calle,43,Avenida,58,Avenida,60,Calle 43 entre Avenida 58 y Avenida 60,259,Casco Historico,"1,4","0,36"
Calle,43,Avenida,60,Avenida,62,Calle 43 entre Avenida 60 y Avenida 62,270,Casco Historico,"1,5","0,37"
Calle,43,Avenida,62,Avenida,64,Calle 43 entre Avenida 62 y Avenida 64,281,Casco Historico,"1,6","0,38"
Calle,45,Avenida,16,Avenida,18,Calle 45 entre Avenida 16 y Avenida 18,292,Punta Gorda,"1,7","0,40"
Calle,45,Avenida,18,Avenida,20,Calle 45 entre Avenida 18 y Avenida 20,281,Punta Gorda,"1,6","0,38"
Calle,45,Avenida,20,Avenida,22,Calle 45 entre Avenida 20 y Avenida 22,270,Punta Gorda,"1,5","0,37"
Calle,45,Avenida,22,Avenida,24,Calle 45 entre Avenida 22 y Avenida 24,259,Casco Historico,"1,4","0,36"
Calle,45,Avenida,24,Avenida,26,Calle 45 entre Avenida 24 y Avenida 26,248,Casco Historico,"1,3","0,34"
Calle,45,Avenida,26,Avenida,28,Calle 45 entre Avenida 26 y Avenida 28,238,Casco Historico,"1,2","0,33"
Calle,45,Avenida,28,Avenida,30,Calle 45 entre Avenida 28 y Avenida 30,227,Casco Historico,"1,1","0,31"
Calle,45,Avenida,30,Avenida,32,Calle 45 entre Avenida 30 y Avenida 32,216,Casco Historico,1,"0,30"
Calle,45,Avenida,32,Avenida,34,Calle 45 entre Avenida 32 y Avenida 34,216,Casco Historico,"0,9","0,30"
Calle,45,Avenida,34,Avenida,36,Calle 45 entre Avenida 34 y Avenida 36,216,Casco Historico,"0,8","0,30"
Calle,45,Avenida,36,Avenida,38,Calle 45 entre Avenida 36 y Avenida 38,216,Casco Historico,"0,7","0,30"
Calle,45,Avenida,38,Avenida,40,Calle 45 entre Avenida 38 y Avenida 40,216,Casco Historico,"0,6","0,30"
Calle,45,Avenida,40,Avenida,42,Calle 45 entre Avenida 40 y Avenida 42,216,Casco Historico,"0,5","0,30"
Calle,45,Avenida,42,Avenida,44,Calle 45 entre Avenida 42 y Avenida 44,216,Casco Historico,"0,5","0,30"
Calle,45,Avenida,44,Avenida,46,Calle 45 entre Avenida 44 y Avenida 46,216,Casco Historico,"0,6","0,30"
Calle,45,Avenida,46,Avenida,48,Calle 45 entre Avenida 46 y Avenida 48,216,Casco Historico,"0,7","0,30"
Calle,45,Avenida,48,Avenida,50,Calle 45 entre Avenida 48 y Avenida 50,216,Casco Historico,"0,8","0,30"
Calle,45,Avenida,50,Avenida,52,Calle 45 entre Avenida 50 y Avenida 52,216,Casco Historico,"0,9","0,30"
Calle,45,Avenida,52,Avenida,54,Calle 45 entre Avenida 52 y Avenida 54,216,Casco Historico,1,"0,30"
Calle,45,Avenida,54,Avenida,56,Calle 45 entre Avenida 54 y Avenida 56,227,Casco Historico,"1,1","0,31"
Calle,45,Avenida,56,Avenida,58,Calle 45 entre Avenida 56 y Avenida 58,238,Casco Historico,"1,2","0,33"
Calle,45,Avenida,58,Avenida,60,Calle 45 entre Avenida 58 y Avenida 60,248,Casco Historico,"1,3","0,34"
Calle,45,Avenida,60,Avenida,62,Calle 45 entre Avenida 60 y Avenida 62,259,Casco Historico,"1,4","0,36"
Calle,45,Calle,2 NE,Avenida,64,Calle 45 entre Calle 2 NE y Avenida 64,270,Casco Historico,"1,5","0,37"
Calle,45,Avenida,64,Avenida,66,Calle 45 entre Avenida 64 y Avenida 66,281,San Lazaro,"1,6","0,38"
Calle,45,Avenida,66,Avenida,68,Calle 45 entre Avenida 66 y Avenida 68,292,San Lazaro,"1,7","0,40"
Calle,45,Avenida,68,Avenida,70,Calle 45 entre Avenida 68 y Avenida 70,302,San Lazaro,"1,8","0,41"
Calle,45,Avenida,70,Avenida,72,Calle 45 entre Avenida 70 y Avenida 72,313,San Lazaro,"1,9","0,43"
Calle,45,Avenida,72,Avenida,74,Calle 45 entre Avenida 72 y Avenida 74,324,San Lazaro,2,"0,44"
Calle,47,Avenida,24,Avenida,26,Calle 47 entre Avenida 24 y Avenida 26,238,Punta Gorda,"1,2","0,33"
Calle,47,Avenida,26,Avenida,28,Calle 47 entre Avenida 26 y Avenida 28,227,Casco Historico,"1,1","0,31"
Calle,47,Avenida,28,Avenida,30,Calle 47 entre Avenida 28 y Avenida 30,216,Casco Historico,1,"0,30"
Calle,47,Avenida,30,Avenida,32,Calle 47 entre Avenida 30 y Avenida 32,216,Casco Historico,"0,9","0,30"
Calle,47,Avenida,42,Avenida,44,Calle 47 entre Avenida 42 y Avenida 44,216,Casco Historico,"0,4","0,30"
Calle,47,Avenida,44,Avenida,46,Calle 47 entre Avenida 44 y Avenida 46,216,Casco Historico,"0,5","0,30"
Calle,47,Avenida,46,Avenida,48,Calle 47 entre Avenida 46 y Avenida 48,216,Casco Historico,"0,6","0,30"
Calle,47,Avenida,48,Avenida,50,Calle 47 entre Avenida 48 y Avenida 50,216,Casco Historico,"0,7","0,30"
Calle,47,Avenida,50,Avenida,52,Calle 47 entre Avenida 50 y Avenida 52,216,Casco Historico,"0,8","0,30"
Calle,47,Avenida,52,Avenida,54,Calle 47 entre Avenida 52 y Avenida 54,216,Casco Historico,"0,9","0,30"
Calle,47,Avenida,54,Avenida,56,Calle 47 entre Avenida 54 y Avenida 56,216,Casco Historico,1,"0,30"
Calle,47,Avenida,56,Avenida,58,Calle 47 entre Avenida 56 y Avenida 58,227,Casco Historico,"1,1","0,31"
Calle,47,Avenida,58,Avenida,60,Calle 47 entre Avenida 58 y Avenida 60,238,Casco Historico,"1,2","0,33"
Calle,47,Avenida,60,Avenida,62,Calle 47 entre Avenida 60 y Avenida 62,248,Casco Historico,"1,3","0,34"
Calle,47,Calle,2 NE,Calle,4 NE,Calle 47 entre Calle 2 NE y Calle 4 NE,259,Casco Historico,"1,4","0,36"
Calle,47,Avenida,64,Calle,2 NE,Calle 47 entre Avenida 64 y Calle 2 NE,270,Casco Historico,"1,5","0,37"
Calle,47,Avenida,64,Avenida,66,Calle 47 entre Avenida 64 y Avenida 66,281,Casco Historico,"1,6","0,38"
Calle,47,Avenida,66,Avenida,68,Calle 47 entre Avenida 66 y Avenida 68,292,Casco Historico,"1,7","0,40"
Calle,47,Avenida,68,Avenida,70,Calle 47 entre Avenida 68 y Avenida 70,302,Casco Historico,"1,8","0,41"
Calle,47,Avenida,66,Avenida,68,Calle 47 entre Avenida 66 y Avenida 68,281,San Lazaro,"1,6","0,38"
Calle,47,Avenida,68,Avenida,70,Calle 47 entre Avenida 68 y Avenida 70,292,San Lazaro,"1,7","0,40"
Calle,49,Avenida,26,Avenida,28,Calle 49 entre Avenida 26 y Avenida 28,227,Casco Historico,"1,1","0,31"
Calle,49,Avenida,28,Avenida,30,Calle 49 entre Avenida 28 y Avenida 30,216,Casco Historico,1,"0,30"
Calle,49,Avenida,30,Avenida,32,Calle 49 entre Avenida 30 y Avenida 32,216,Casco Historico,"0,9","0,30"
Calle,49,Avenida,42,Avenida,44,Calle 49 entre Avenida 42 y Avenida 44,216,Casco Historico,"0,3","0,30"
Calle,49,Avenida,44,Avenida,46,Calle 49 entre Avenida 44 y Avenida 46,216,Casco Historico,"0,4","0,30"
Calle,49,Avenida,46,Avenida,48,Calle 49 entre Avenida 46 y Avenida 48,216,Casco Historico,"0,5","0,30"
Calle,49,Avenida,48,Avenida,50,Calle 49 entre Avenida 48 y Avenida 50,216,Casco Historico,"0,6","0,30"
Calle,49,Avenida,50,Avenida,52,Calle 49 entre Avenida 50 y Avenida 52,216,Casco Historico,"0,7","0,30"
Calle,49,Avenida,52,Avenida,54,Calle 49 entre Avenida 52 y Avenida 54,216,Casco Historico,"0,8","0,30"
Calle,49,Avenida,54,Avenida,56,Calle 49 entre Avenida 54 y Avenida 56,216,Casco Historico,"0,9","0,30"
Calle,49,Avenida,56,Avenida,58,Calle 49 entre Avenida 56 y Avenida 58,216,Casco Historico,1,"0,30"
Calle,49,Avenida,58,Avenida,60,Calle 49 entre Avenida 58 y Avenida 60,227,Casco Historico,"1,1","0,31"
Calle,49,Avenida,60,Avenida,62,Calle 49 entre Avenida 60 y Avenida 62,238,Casco Historico,"1,2","0,33"
Calle,49,Avenida,62,Calle, 4 NE,Calle 49 entre Avenida 62 y Calle  4 NE,248,Casco Historico,"1,3","0,34"
Calle,49,Calle, 2 NE,Calle,4 NE,Calle 49 entre Calle  2 NE y Calle 4 NE,259,Casco Historico,"1,4","0,36"
Calle,49,Avenida,64,Calle,2 NE,Calle 49 entre Avenida 64 y Calle 2 NE,270,Casco Historico,"1,5","0,37"
Calle,49,Avenida,64,Avenida,66,Calle 49 entre Avenida 64 y Avenida 66,281,San Lazaro,"1,6","0,38"
Calle,49,Avenida,66,Avenida,68,Calle 49 entre Avenida 66 y Avenida 68,292,San Lazaro,"1,7","0,40"
Calle,49,Avenida,68,Avenida,70,Calle 49 entre Avenida 68 y Avenida 70,302,San Lazaro,"1,8","0,41"
Calle,49,Avenida,70,Avenida,72,Calle 49 entre Avenida 70 y Avenida 72,313,San Lazaro,"1,9","0,43"
Calle,49,Avenida,72,Avenida,74,Calle 49 entre Avenida 72 y Avenida 74,324,San Lazaro,2,"0,44"
Calle,49,Avenida,74,Avenida,76,Calle 49 entre Avenida 74 y Avenida 76,335,San Lazaro,"2,1","0,46"
Calle,49,Avenida,76,Avenida,78,Calle 49 entre Avenida 76 y Avenida 78,346,San Lazaro,"2,2","0,47"
Calle,51,Avenida,8,Avenida,10,Calle 51 entre Avenida 8 y Avenida 10,313,Punta Gorda,"1,9","0,43"
Calle,51,Avenida,10,Avenida,12,Calle 51 entre Avenida 10 y Avenida 12,302,Punta Gorda,"1,8","0,41"
Calle,51,Avenida,12,Avenida,14,Calle 51 entre Avenida 12 y Avenida 14,292,Punta Gorda,"1,7","0,40"
Calle,51,Avenida,14,Avenida,16,Calle 51 entre Avenida 14 y Avenida 16,281,Punta Gorda,"1,6","0,38"
Calle,51A,Avenida,20,Avenida,22,Calle 51A entre Avenida 20 y Avenida 22,259,Punta Gorda,"1,4","0,36"
Calle,51A,Avenida,24,Avenida,26,Calle 51A entre Avenida 24 y Avenida 26,248,Casco Historico,"1,3","0,34"
Calle,51A,Avenida,26,Avenida,28,Calle 51A entre Avenida 26 y Avenida 28,238,Casco Historico,"1,2","0,33"
Calle,51A,Avenida,28,Avenida,30,Calle 51A entre Avenida 28 y Avenida 30,227,Casco Historico,"1,1","0,31"
Calle,51A,Avenida,30,Avenida,32,Calle 51A entre Avenida 30 y Avenida 32,216,Casco Historico,1,"0,30"
Calle,51,Avenida,42,Avenida,44,Calle 51 entre Avenida 42 y Avenida 44,216,Casco Historico,"0,2","0,30"
Calle,51,Avenida,44,Avenida,46,Calle 51 entre Avenida 44 y Avenida 46,216,Casco Historico,"0,3","0,30"
Calle,51,Avenida,46,Avenida,48,Calle 51 entre Avenida 46 y Avenida 48,216,Casco Historico,"0,4","0,30"
Calle,51,Avenida,48,Avenida,50,Calle 51 entre Avenida 48 y Avenida 50,216,Casco Historico,"0,5","0,30"
Calle,51,Avenida,50,Avenida,52,Calle 51 entre Avenida 50 y Avenida 52,216,Casco Historico,"0,6","0,30"
Calle,51,Avenida,52,Avenida,54,Calle 51 entre Avenida 52 y Avenida 54,216,Casco Historico,"0,7","0,30"
Calle,51,Avenida,54,Avenida,56,Calle 51 entre Avenida 54 y Avenida 56,216,Casco Historico,"0,8","0,30"
Calle,51,Avenida,56,Avenida,58,Calle 51 entre Avenida 56 y Avenida 58,216,Casco Historico,"0,9","0,30"
Calle,51,Avenida,60,Avenida,62,Calle 51 entre Avenida 60 y Avenida 62,248,Casco Historico,"1,3","0,34"
Calle,51,Avenida,62,Avenida,64A,Calle 51 entre Avenida 62 y Avenida 64A,259,Casco Historico,"1,4","0,36"
Calle,51,Avenida,64A,Calle,4 NE,Calle 51 entre Avenida 64A y Calle 4 NE,270,Casco Historico,"1,5","0,37"
Calle,51,Calle,2 NE,Calle,4 NE,Calle 51 entre Calle 2 NE y Calle 4 NE,281,Casco Historico,"1,6","0,38"
Calle,51,Avenida,64,Calle,2 NE,Calle 51 entre Avenida 64 y Calle 2 NE,292,Casco Historico,"1,7","0,40"
Calle,51,Avenida,64,Avenida,66,Calle 51 entre Avenida 64 y Avenida 66,302,San Lazaro,"1,8","0,41"
Calle,51,Avenida,66,Avenida,68,Calle 51 entre Avenida 66 y Avenida 68,313,San Lazaro,"1,9","0,43"
Calle,51,Avenida,68,Avenida,70,Calle 51 entre Avenida 68 y Avenida 70,324,San Lazaro,2,"0,44"
Calle,51,Avenida,70,Avenida,72,Calle 51 entre Avenida 70 y Avenida 72,335,San Lazaro,"2,1","0,46"
Calle,51,Avenida,72,Avenida,74,Calle 51 entre Avenida 72 y Avenida 74,346,San Lazaro,"2,2","0,47"
Calle,51,Avenida,74,Avenida,76,Calle 51 entre Avenida 74 y Avenida 76,356,San Lazaro,"2,3","0,49"
Calle,51,Avenida,76,Avenida,78,Calle 51 entre Avenida 76 y Avenida 78,367,San Lazaro,"2,4","0,50"
Calle,53,Avenida,10,Avenida,12,Calle 53 entre Avenida 10 y Avenida 12,292,Punta Gorda,"1,7","0,40"
Calle,53,Avenida,12,Avenida,14,Calle 53 entre Avenida 12 y Avenida 14,281,Punta Gorda,"1,6","0,38"
Calle,53,Avenida,16,Avenida,18,Calle 53 entre Avenida 16 y Avenida 18,270,Punta Gorda,"1,5","0,37"
Calle,53,Avenida,22,Avenida,24,Calle 53 entre Avenida 22 y Avenida 24,238,Casco Historico,"1,2","0,33"
Calle,53,Avenida,24,Avenida,24A,Calle 53 entre Avenida 24 y Avenida 24A,227,Casco Historico,"1,1","0,31"
Calle,53,Avenida,24A,Avenida,26,Calle 53 entre Avenida 24A y Avenida 26,216,Casco Historico,1,"0,30"
Calle,53,Avenida,48,Avenida,50,Calle 53 entre Avenida 48 y Avenida 50,216,Casco Historico,"0,7","0,30"
Calle,53,Avenida,50,Avenida,52,Calle 53 entre Avenida 50 y Avenida 52,216,Casco Historico,"0,8","0,30"
Calle,53,Avenida,52,Avenida,54,Calle 53 entre Avenida 52 y Avenida 54,216,Casco Historico,"0,9","0,30"
Calle,53,Avenida,54,Avenida,56,Calle 53 entre Avenida 54 y Avenida 56,216,Casco Historico,1,"0,30"
Calle,53,Avenida,56,Avenida,58,Calle 53 entre Avenida 56 y Avenida 58,227,Casco Historico,"1,1","0,31"
Calle,53,Avenida,60,Avenida,62,Calle 53 entre Avenida 60 y Avenida 62,270,Casco Historico,"1,5","0,37"
Calle,53,Avenida,62,Avenida,64A,Calle 53 entre Avenida 62 y Avenida 64A,281,Casco Historico,"1,6","0,38"
Calle,53,Calle,2 NE,Calle,4 NE,Calle 53 entre Calle 2 NE y Calle 4 NE,292,Casco Historico,"1,7","0,40"
Calle,53,Calle,4 NE,Calle,6NE,Calle 53 entre Calle 4 NE y Calle 6NE,302,Casco Historico,"1,8","0,41"
Calle,53,Avenida,64,Calle,2 NE,Calle 53 entre Avenida 64 y Calle 2 NE,313,Casco Historico,"1,9","0,43"
Calle,53,Avenida,64,Avenida,66,Calle 53 entre Avenida 64 y Avenida 66,324,San Lazaro,2,"0,44"
Calle,53,Avenida,66,Avenida,68,Calle 53 entre Avenida 66 y Avenida 68,335,San Lazaro,"2,1","0,46"
Calle,53,Avenida,68,Avenida,70,Calle 53 entre Avenida 68 y Avenida 70,346,San Lazaro,"2,2","0,47"
Calle,53,Avenida,70,Avenida,72,Calle 53 entre Avenida 70 y Avenida 72,356,San Lazaro,"2,3","0,49"
Calle,53,Avenida,72,Avenida,74,Calle 53 entre Avenida 72 y Avenida 74,367,San Lazaro,"2,4","0,50"
Calle,53,Avenida,74,Avenida,76,Calle 53 entre Avenida 74 y Avenida 76,378,San Lazaro,"2,5","0,52"
Calle,55,Avenida,10,Avenida,12,Calle 55 entre Avenida 10 y Avenida 12,281,Punta Gorda,"1,6","0,38"
Calle,55,Avenida,12,Avenida,14,Calle 55 entre Avenida 12 y Avenida 14,270,Punta Gorda,"1,5","0,37"
Calle,55,Avenida,14,Avenida,16,Calle 55 entre Avenida 14 y Avenida 16,259,Punta Gorda,"1,4","0,36"
Calle,55,Avenida,16,Avenida,16A,Calle 55 entre Avenida 16 y Avenida 16A,248,Punta Gorda,"1,3","0,34"
Calle,55,Avenida,16A,Avenida,18,Calle 55 entre Avenida 16A y Avenida 18,238,Punta Gorda,"1,2","0,33"
Calle,55,Avenida,18,Avenida,18A,Calle 55 entre Avenida 18 y Avenida 18A,227,Punta Gorda,"1,1","0,31"
Calle,55,Avenida,18A,Avenida,20,Calle 55 entre Avenida 18A y Avenida 20,216,Punta Gorda,1,"0,30"
Calle,55,Avenida,48,Avenida,50,Calle 55 entre Avenida 48 y Avenida 50,216,Casco Historico,"0,4","0,30"
Calle,55,Avenida,50,Avenida,52,Calle 55 entre Avenida 50 y Avenida 52,216,Casco Historico,"0,5","0,30"
Calle,55,Avenida,52,Avenida,54,Calle 55 entre Avenida 52 y Avenida 54,216,Casco Historico,"0,6","0,30"
Calle,55,Avenida,54,Avenida,56,Calle 55 entre Avenida 54 y Avenida 56,216,Casco Historico,"0,7","0,30"
Calle,55,Avenida,56,Avenida,58,Calle 55 entre Avenida 56 y Avenida 58,216,Casco Historico,"0,8","0,30"
Calle,55,Avenida,60,Avenida,62,Calle 55 entre Avenida 60 y Avenida 62,259,Casco Historico,"1,4","0,36"
Calle,55,Avenida,62,Avenida,64A,Calle 55 entre Avenida 62 y Avenida 64A,270,Casco Historico,"1,5","0,37"
Calle,55,Avenida,64A,Calle,6 NE,Calle 55 entre Avenida 64A y Calle 6 NE,281,Casco Historico,"1,6","0,38"
Calle,55,Calle,4 NE,Calle,6 NE,Calle 55 entre Calle 4 NE y Calle 6 NE,292,Casco Historico,"1,7","0,40"
Calle,55,Calle,2 NE,Calle,4 NE,Calle 55 entre Calle 2 NE y Calle 4 NE,302,Casco Historico,"1,8","0,41"
Calle,55,Avenida,64,Calle,2 NE,Calle 55 entre Avenida 64 y Calle 2 NE,313,Casco Historico,"1,9","0,43"
Calle,55,Avenida,64,Avenida,66,Calle 55 entre Avenida 64 y Avenida 66,324,San Lazaro,2,"0,44"
Calle,55,Avenida,70,Avenida,72,Calle 55 entre Avenida 70 y Avenida 72,367,San Lazaro,"2,4","0,50"
Calle,55,Avenida,72,Avenida,74,Calle 55 entre Avenida 72 y Avenida 74,378,San Lazaro,"2,5","0,52"
Calle,57,Avenida,20,Avenida,20A,Calle 57 entre Avenida 20 y Avenida 20A,238,Punta Gorda,"1,2","0,33"
Calle,57,Avenida,20A,Avenida,22,Calle 57 entre Avenida 20A y Avenida 22,227,Punta Gorda,"1,1","0,31"
Calle,57,Avenida,22,Avenida,24,Calle 57 entre Avenida 22 y Avenida 24,216,Punta Gorda,1,"0,30"
Calle,57,Avenida,24,Avenida,26,Calle 57 entre Avenida 24 y Avenida 26,216,Punta Gorda,"0,9","0,30"
Calle,57,Avenida,26,Avenida,28,Calle 57 entre Avenida 26 y Avenida 28,216,Punta Gorda,"0,8","0,30"
Calle,57,Avenida,28,Avenida,30,Calle 57 entre Avenida 28 y Avenida 30,216,Reparto de los Medicos,"0,7","0,30"
Calle,57,Avenida,30,Avenida,32,Calle 57 entre Avenida 30 y Avenida 32,216,Reparto de los Medicos,"0,6","0,30"
Calle,57,Avenida,32,Avenida,34,Calle 57 entre Avenida 32 y Avenida 34,216,Reparto de los Medicos,"0,5","0,30"
Calle,57,Avenida,34,Avenida,36,Calle 57 entre Avenida 34 y Avenida 36,216,Reparto de los Medicos,"0,4","0,30"
Calle,57,Avenida,36,Avenida,38,Calle 57 entre Avenida 36 y Avenida 38,216,Reparto de los Medicos,"0,3","0,30"
Calle,57,Avenida,38,Avenida,42,Calle 57 entre Avenida 38 y Avenida 42,216,Reparto de los Medicos,"0,2","0,30"
Calle,57A,Avenida,38,Avenida,42,Calle 57A entre Avenida 38 y Avenida 42,216,Reparto de los Medicos,"0,2","0,30"
Calle,57,Avenida,42,Avenida,44,Calle 57 entre Avenida 42 y Avenida 44,216,Casco Historico,"0,1","0,30"
Calle,57,Avenida,44,Avenida,46,Calle 57 entre Avenida 44 y Avenida 46,216,Casco Historico,"0,2","0,30"
Calle,57,Avenida,46,Avenida,48,Calle 57 entre Avenida 46 y Avenida 48,216,Casco Historico,"0,3","0,30"
Calle,57,Avenida,48,Avenida,50,Calle 57 entre Avenida 48 y Avenida 50,216,Casco Historico,"0,4","0,30"
Calle,57,Avenida,50,Avenida,52,Calle 57 entre Avenida 50 y Avenida 52,216,Casco Historico,"0,5","0,30"
Calle,57,Avenida,52,Avenida,54,Calle 57 entre Avenida 52 y Avenida 54,216,Casco Historico,"0,6","0,30"
Calle,57,Avenida,54,Avenida,56,Calle 57 entre Avenida 54 y Avenida 56,216,Casco Historico,"0,7","0,30"
Calle,57,Avenida,56,Avenida,58,Calle 57 entre Avenida 56 y Avenida 58,216,Casco Historico,"0,8","0,30"
Calle,57,Avenida,60,Avenida,62,Calle 57 entre Avenida 60 y Avenida 62,248,Casco Historico,"1,3","0,34"
Calle,57,Avenida,62,Avenida,64A,Calle 57 entre Avenida 62 y Avenida 64A,259,Casco Historico,"1,4","0,36"
Calle,57,Calle,2 NE,Calle,4 NE,Calle 57 entre Calle 2 NE y Calle 4 NE,270,Casco Historico,"1,5","0,37"
Calle,57,Calle,4 NE,Calle,6 NE,Calle 57 entre Calle 4 NE y Calle 6 NE,281,Casco Historico,"1,6","0,38"
Calle,57,Calle,6 NE,Calle,8 NE,Calle 57 entre Calle 6 NE y Calle 8 NE,292,Casco Historico,"1,7","0,40"
Calle,57,Avenida,64,Calle,2 NE,Calle 57 entre Avenida 64 y Calle 2 NE,302,Casco Historico,"1,8","0,41"
Calle,57,Avenida,64,Avenida,66,Calle 57 entre Avenida 64 y Avenida 66,313,San Lazaro,"1,9","0,43"
Calle,57,Avenida,70,Avenida,72,Calle 57 entre Avenida 70 y Avenida 72,378,San Lazaro,"2,5","0,52"
Calle,57,Avenida,72,Avenida,74,Calle 57 entre Avenida 72 y Avenida 74,389,San Lazaro,"2,6","0,53"
Calle,57,Avenida,74,Avenida,76,Calle 57 entre Avenida 74 y Avenida 76,400,San Lazaro,"2,7","0,55"
Calle,59,Avenida,20A,Avenida,22,Calle 59 entre Avenida 20A y Avenida 22,238,Punta Gorda,"1,2","0,33"
Calle,59,Avenida,24,Avenida,26,Calle 59 entre Avenida 24 y Avenida 26,227,Punta Gorda,"1,1","0,31"
Calle,59,Avenida,26,Avenida,28,Calle 59 entre Avenida 26 y Avenida 28,216,Punta Gorda,1,"0,30"
Calle,59,Avenida,28,Avenida,30,Calle 59 entre Avenida 28 y Avenida 30,216,Reparto de los Medicos,"0,9","0,30"
Calle,59,Avenida,30,Avenida,32,Calle 59 entre Avenida 30 y Avenida 32,216,Reparto de los Medicos,"0,8","0,30"
Calle,59,Avenida,32,Avenida,34,Calle 59 entre Avenida 32 y Avenida 34,216,Reparto de los Medicos,"0,7","0,30"
Calle,59,Avenida,34,Avenida,36,Calle 59 entre Avenida 34 y Avenida 36,216,Reparto de los Medicos,"0,6","0,30"
Calle,59,Avenida,36,Avenida,38,Calle 59 entre Avenida 36 y Avenida 38,216,Reparto de los Medicos,"0,5","0,30"
Calle,59,Avenida,38,Avenida,40,Calle 59 entre Avenida 38 y Avenida 40,216,Reparto de los Medicos,"0,4","0,30"
Calle,59,Avenida,42,Avenida,44,Calle 59 entre Avenida 42 y Avenida 44,216,Casco Historico,"0,2","0,30"
Calle,59,Avenida,46,Avenida,48,Calle 59 entre Avenida 46 y Avenida 48,216,Casco Historico,"0,4","0,30"
Calle,59,Avenida,48,Avenida,50,Calle 59 entre Avenida 48 y Avenida 50,216,Casco Historico,"0,5","0,30"
Calle,59,Avenida,50,Avenida,52,Calle 59 entre Avenida 50 y Avenida 52,216,Casco Historico,"0,6","0,30"
Calle,59,Avenida,52,Avenida,54,Calle 59 entre Avenida 52 y Avenida 54,216,Casco Historico,"0,7","0,30"
Calle,59,Avenida,56,Avenida,58,Calle 59 entre Avenida 56 y Avenida 58,216,Casco Historico,"0,8","0,30"
Calle,59,Avenida,60,Avenida,62,Calle 59 entre Avenida 60 y Avenida 62,238,Casco Historico,"1,2","0,33"
Calle,59,Avenida,62,Avenida,64A,Calle 59 entre Avenida 62 y Avenida 64A,248,Casco Historico,"1,3","0,34"
Calle,59,Avenida, 64A,Calle,8 NE,Calle 59 entre Avenida  64A y Calle 8 NE,259,Casco Historico,"1,4","0,36"
Calle,59,Calle,2 NE,Calle,4 NE,Calle 59 entre Calle 2 NE y Calle 4 NE,270,Casco Historico,"1,5","0,37"
Calle,59,Calle,4 NE ,Calle,6 NE,Calle 59 entre Calle 4 NE  y Calle 6 NE,281,Casco Historico,"1,6","0,38"
Calle,59,Calle,6 NE,Calle,8 NE,Calle 59 entre Calle 6 NE y Calle 8 NE,292,Casco Historico,"1,7","0,40"
Calle,59,Avenida,64,Calle,2 NE,Calle 59 entre Avenida 64 y Calle 2 NE,302,Casco Historico,"1,8","0,41"
Calle,59,Avenida,64,Avenida,66,Calle 59 entre Avenida 64 y Avenida 66,313,San Lazaro,"1,9","0,43"
Calle,59,Avenida,68,Avenida,68A,Calle 59 entre Avenida 68 y Avenida 68A,367,San Lazaro,"2,4","0,50"
Calle,59,Avenida,68A,Avenida,70,Calle 59 entre Avenida 68A y Avenida 70,378,San Lazaro,"2,5","0,52"
Calle,59,Avenida,70,Avenida,72,Calle 59 entre Avenida 70 y Avenida 72,389,San Lazaro,"2,6","0,53"
Calle,59,Avenida,72,Avenida,74,Calle 59 entre Avenida 72 y Avenida 74,400,San Lazaro,"2,7","0,55"
Calle,59,Avenida,74,Avenida,76,Calle 59 entre Avenida 74 y Avenida 76,410,San Lazaro,"2,8","0,56"
Calle,61,Avenida,12,Avenida,14,Calle 61 entre Avenida 12 y Avenida 14,292,Punta Gorda,"1,7","0,40"
Calle,61,Avenida,14,Avenida,16,Calle 61 entre Avenida 14 y Avenida 16,281,Punta Gorda,"1,6","0,38"
Calle,61,Avenida,16,Avenida,18,Calle 61 entre Avenida 16 y Avenida 18,270,Punta Gorda,"1,5","0,37"
Calle,61,Avenida,18,Avenida,18A,Calle 61 entre Avenida 18 y Avenida 18A,259,Punta Gorda,"1,4","0,36"
Calle,61,Avenida,18A,Avenida,20,Calle 61 entre Avenida 18A y Avenida 20,248,Punta Gorda,"1,3","0,34"
Calle,61,Avenida,20,Avenida,20A,Calle 61 entre Avenida 20 y Avenida 20A,238,Punta Gorda,"1,2","0,33"
Calle,61,Avenida,20A,Avenida,22,Calle 61 entre Avenida 20A y Avenida 22,227,Punta Gorda,"1,1","0,31"
Calle,61,Avenida,22,Avenida,24,Calle 61 entre Avenida 22 y Avenida 24,216,Punta Gorda,1,"0,30"
Calle,61,Avenida,24,Avenida,26,Calle 61 entre Avenida 24 y Avenida 26,216,Punta Gorda,"0,9","0,30"
Calle,61,Avenida,26,Avenida,28,Calle 61 entre Avenida 26 y Avenida 28,216,Punta Gorda,"0,8","0,30"
Calle,61,Avenida,28,Avenida,30,Calle 61 entre Avenida 28 y Avenida 30,216,Reparto de los Medicos,"0,7","0,30"
Calle,61,Avenida,32,Avenida,34,Calle 61 entre Avenida 32 y Avenida 34,216,Reparto de los Medicos,"0,6","0,30"
Calle,61,Avenida,34,Calle,61A,Calle 61 entre Avenida 34 y Calle 61A,216,Reparto Hermanas Giral,"0,8","0,30"
Calle,C,Calle,61A,Calle,61B,Calle C entre Calle 61A y Calle 61B,216,Reparto Hermanas Giral,"0,7","0,30"
Calle,B,Calle,61A,Calle,61B,Calle B entre Calle 61A y Calle 61B,216,Reparto Hermanas Giral,"0,6","0,30"
Calle,A,Calle,61A,Calle,61B,Calle A entre Calle 61A y Calle 61B,216,Reparto Hermanas Giral,"0,5","0,30"
Calle,61,Calle,A,Avenida,40,Calle 61 entre Calle A y Avenida 40,216,Reparto Hermanas Giral,"0,6","0,30"
Calle,61A,Calle,A,Avenida,40,Calle 61A entre Calle A y Avenida 40,216,Reparto Hermanas Giral,"0,4","0,30"
Calle,61B,Calle,61,Calle,C,Calle 61B entre Calle 61 y Calle C,216,Reparto Hermanas Giral,"0,8","0,30"
Calle,61B,Calle,C,Calle,B,Calle 61B entre Calle C y Calle B,216,Reparto Hermanas Giral,"0,7","0,30"
Calle,61B,Calle,B,Calle,A,Calle 61B entre Calle B y Calle A,216,Reparto Hermanas Giral,"0,6","0,30"
Calle,61B,Calle,A,Calle,63,Calle 61B entre Calle A y Calle 63,216,Reparto Hermanas Giral,"0,5","0,30"
Calle,61,Avenida,42,Avenida,44,Calle 61 entre Avenida 42 y Avenida 44,216,La Juanita,"0,3","0,30"
Calle,61,Avenida,44,Avenida,46,Calle 61 entre Avenida 44 y Avenida 46,216,La Juanita,"0,4","0,30"
Calle,61,Avenida,46,Avenida,48,Calle 61 entre Avenida 46 y Avenida 48,216,La Juanita,"0,5","0,30"
Calle,61,Avenida,48,Avenida,50,Calle 61 entre Avenida 48 y Avenida 50,216,La Juanita,"0,6","0,30"
Calle,61,Avenida,50,Avenida,52,Calle 61 entre Avenida 50 y Avenida 52,216,La Juanita,"0,7","0,30"
Calle,61,Avenida,52,Avenida,54,Calle 61 entre Avenida 52 y Avenida 54,216,La Juanita,"0,8","0,30"
Calle,61,Avenida,54,Avenida,56,Calle 61 entre Avenida 54 y Avenida 56,216,La Juanita,"0,9","0,30"
Calle,61,Avenida,56,Avenida,58,Calle 61 entre Avenida 56 y Avenida 58,216,La Juanita,1,"0,30"
Calle,61,Avenida,58,Avenida,60,Calle 61 entre Avenida 58 y Avenida 60,227,La Juanita,"1,1","0,31"
Calle,61,Avenida,60,Avenida,62,Calle 61 entre Avenida 60 y Avenida 62,238,La Juanita,"1,2","0,33"
Calle,61,Avenida,62,Avenida,64A,Calle 61 entre Avenida 62 y Avenida 64A,248,La Juanita,"1,3","0,34"
Calle,61,Avenida,64A,Calle,8 NE,Calle 61 entre Avenida 64A y Calle 8 NE,259,La Juanita,"1,4","0,36"
Calle,61,Calle,2 NE,Calle,4 NE,Calle 61 entre Calle 2 NE y Calle 4 NE,270,La Juanita,"1,5","0,37"
Calle,61,Calle,4 NE,Calle,6 NE,Calle 61 entre Calle 4 NE y Calle 6 NE,281,La Juanita,"1,6","0,38"
Calle,61,Calle,6 NE,Calle,8 NE,Calle 61 entre Calle 6 NE y Calle 8 NE,292,La Juanita,"1,7","0,40"
Calle,61,Avenida,64,Calle,2 NE,Calle 61 entre Avenida 64 y Calle 2 NE,302,La Juanita,"1,8","0,41"
Calle,61,Avenida,64,Avenida,66,Calle 61 entre Avenida 64 y Avenida 66,313,Pueblo Grifo ,"1,9","0,43"
Calle,61,Avenida,68,Avenida,70,Calle 61 entre Avenida 68 y Avenida 70,346,Pueblo Grifo ,"2,2","0,47"
Calle,61,Avenida,70,Avenida,72,Calle 61 entre Avenida 70 y Avenida 72,356,Pueblo Grifo ,"2,3","0,49"
Calle,63,Avenida,12,Avenida,14,Calle 63 entre Avenida 12 y Avenida 14,313,Pueblo Grifo ,"1,9","0,43"
Calle,63,Avenida,14,Avenida,16,Calle 63 entre Avenida 14 y Avenida 16,302,Punta Gorda,"1,8","0,41"
Calle,63,Avenida,16,Avenida,18,Calle 63 entre Avenida 16 y Avenida 18,302,Punta Gorda,"1,8","0,41"
Calle,63,Avenida,20,Avenida,22,Calle 63 entre Avenida 20 y Avenida 22,270,Punta Gorda,"1,5","0,37"
Calle,63,Avenida,28,Avenida,30,Calle 63 entre Avenida 28 y Avenida 30,227,Reparto de los Medicos,"1,1","0,31"
Calle,63,Avenida,30,Avenida,34,Calle 63 entre Avenida 30 y Avenida 34,216,Reparto de los Medicos,1,"0,30"
Calle,63,Avenida,34,Calle,61B,Calle 63 entre Avenida 34 y Calle 61B,216,Reparto de los Medicos,"0,7","0,30"
Calle,63,Calle,61B,Calle,67,Calle 63 entre Calle 61B y Calle 67,216,Reparto Hermanas Giral,"0,7","0,30"
Calle,63,Calle,67,Calle,61A,Calle 63 entre Calle 67 y Calle 61A,216,Reparto Hermanas Giral,"0,5","0,30"
Calle,63,Avenida,42,Avenida,44,Calle 63 entre Avenida 42 y Avenida 44,216,La Juanita,"0,4","0,30"
Calle,63,Avenida,44,Avenida,46,Calle 63 entre Avenida 44 y Avenida 46,216,La Juanita,"0,5","0,30"
Calle,63,Avenida,46,Avenida,48,Calle 63 entre Avenida 46 y Avenida 48,216,La Juanita,"0,6","0,30"
Calle,63,Avenida,48,Avenida,50,Calle 63 entre Avenida 48 y Avenida 50,216,La Juanita,"0,7","0,30"
Calle,63,Avenida,50,Avenida,52,Calle 63 entre Avenida 50 y Avenida 52,216,La Juanita,"0,8","0,30"
Calle,63,Avenida,52,Avenida,54,Calle 63 entre Avenida 52 y Avenida 54,216,La Juanita,"0,9","0,30"
Calle,63,Avenida,54,Avenida,56,Calle 63 entre Avenida 54 y Avenida 56,216,La Juanita,1,"0,30"
Calle,63,Avenida,56,Avenida,58,Calle 63 entre Avenida 56 y Avenida 58,227,La Juanita,"1,1","0,31"
Calle,63,Avenida,58,Avenida,60,Calle 63 entre Avenida 58 y Avenida 60,238,La Juanita,"1,2","0,33"
Calle,63,Avenida,60,Avenida,62,Calle 63 entre Avenida 60 y Avenida 62,248,La Juanita,"1,3","0,34"
Calle,63,Avenida,62,Avenida,64A,Calle 63 entre Avenida 62 y Avenida 64A,259,La Juanita,"1,4","0,36"
Calle,63,Avenida,64A,Calle,10 NE,Calle 63 entre Avenida 64A y Calle 10 NE,270,La Juanita,"1,5","0,37"
Calle,63,Calle,2 NE,Calle,4 NE,Calle 63 entre Calle 2 NE y Calle 4 NE,281,La Juanita,"1,6","0,38"
Calle,63,Calle,4 NE,Calle,6 NE,Calle 63 entre Calle 4 NE y Calle 6 NE,292,La Juanita,"1,7","0,40"
Calle,63,Calle,6 NE,Calle,8 NE,Calle 63 entre Calle 6 NE y Calle 8 NE,302,La Juanita,"1,8","0,41"
Calle,63,Calle,8 NE,Calle,10 NE,Calle 63 entre Calle 8 NE y Calle 10 NE,313,La Juanita,"1,9","0,43"
Calle,63,Avenida,64,Calle,2 NE,Calle 63 entre Avenida 64 y Calle 2 NE,324,La Juanita,2,"0,44"
Calle,63,Avenida,64,Avenida,66,Calle 63 entre Avenida 64 y Avenida 66,335,Pueblo Grifo ,"2,1","0,46"
Calle,63,Avenida,66,Avenida,68,Calle 63 entre Avenida 66 y Avenida 68,346,Pueblo Grifo ,"2,2","0,47"
Calle,63,Avenida,68,Avenida,70,Calle 63 entre Avenida 68 y Avenida 70,356,Pueblo Grifo ,"2,3","0,49"
Calle,63,Avenida,70,Avenida,72,Calle 63 entre Avenida 70 y Avenida 72,367,Pueblo Grifo ,"2,4","0,50"
Calle,63,Avenida,72,Avenida,74,Calle 63 entre Avenida 72 y Avenida 74,378,Pueblo Grifo ,"2,5","0,52"
Calle,63,Avenida,74,Avenida,76,Calle 63 entre Avenida 74 y Avenida 76,389,Pueblo Grifo ,"2,6","0,53"
Calle,63,Avenida,76,Avenida,78,Calle 63 entre Avenida 76 y Avenida 78,400,Pueblo Grifo ,"2,7","0,55"
Calle,63,Avenida,78,Avenida,78A,Calle 63 entre Avenida 78 y Avenida 78A,410,Pueblo Grifo ,"2,8","0,56"
Calle,63,Avenida,78A,Avenida,80,Calle 63 entre Avenida 78A y Avenida 80,421,Pueblo Grifo ,"2,9","0,58"
Calle,65,Avenida,14,Avenida,16,Calle 65 entre Avenida 14 y Avenida 16,313,Punta Gorda,"1,9","0,43"
Calle,65,Avenida,16,Avenida,18,Calle 65 entre Avenida 16 y Avenida 18,302,Punta Gorda,"1,8","0,41"
Calle,65,Avenida,18,Avenida,20,Calle 65 entre Avenida 18 y Avenida 20,292,Punta Gorda,"1,7","0,40"
Calle,65,Avenida,20,Avenida,22,Calle 65 entre Avenida 20 y Avenida 22,281,Punta Gorda,"1,6","0,38"
Calle,65,Avenida,42,Avenida,44,Calle 65 entre Avenida 42 y Avenida 44,216,La Juanita,"0,5","0,30"
Calle,65,Avenida,44,Avenida,46,Calle 65 entre Avenida 44 y Avenida 46,216,La Juanita,"0,6","0,30"
Calle,65,Avenida,46,Avenida,48,Calle 65 entre Avenida 46 y Avenida 48,216,La Juanita,"0,7","0,30"
Calle,65,Avenida,48,Avenida,50,Calle 65 entre Avenida 48 y Avenida 50,216,La Juanita,"0,8","0,30"
Calle,65,Avenida,50,Avenida,52,Calle 65 entre Avenida 50 y Avenida 52,216,La Juanita,"0,9","0,30"
Calle,65,Avenida,52,Avenida,54,Calle 65 entre Avenida 52 y Avenida 54,216,La Juanita,1,"0,30"
Calle,65,Avenida,54,Avenida,56,Calle 65 entre Avenida 54 y Avenida 56,227,La Juanita,"1,1","0,31"
Calle,65,Avenida,56,Avenida,58,Calle 65 entre Avenida 56 y Avenida 58,238,La Juanita,"1,2","0,33"
Calle,65,Avenida,58,Avenida,60,Calle 65 entre Avenida 58 y Avenida 60,248,La Juanita,"1,3","0,34"
Calle,65,Avenida,60,Avenida,62,Calle 65 entre Avenida 60 y Avenida 62,259,La Juanita,"1,4","0,36"
Calle,65,Avenida,62,Avenida,64A,Calle 65 entre Avenida 62 y Avenida 64A,270,La Juanita,"1,5","0,37"
Calle,65,Calle,4 NE,Calle,6 NE,Calle 65 entre Calle 4 NE y Calle 6 NE,302,La Juanita,"1,8","0,41"
Calle,65,Calle,6 NE,Calle,8 NE,Calle 65 entre Calle 6 NE y Calle 8 NE,292,La Juanita,"1,7","0,40"
Calle,65,Calle,8 NE,Calle,10 NE,Calle 65 entre Calle 8 NE y Calle 10 NE,292,La Juanita,"1,7","0,40"
Calle,65A,Avenida,70,Avenida,72,Calle 65A entre Avenida 70 y Avenida 72,378,Pueblo Grifo ,"2,5","0,52"
Calle,65,Avenida,72,Avenida,74,Calle 65 entre Avenida 72 y Avenida 74,378,Pueblo Grifo ,"2,5","0,52"
Calle,65,Avenida,74,Avenida,76,Calle 65 entre Avenida 74 y Avenida 76,389,Pueblo Grifo ,"2,6","0,53"
Calle,65,Avenida,76,Avenida,78,Calle 65 entre Avenida 76 y Avenida 78,400,Pueblo Grifo ,"2,7","0,55"
Calle,65,Avenida,78,Avenida,78A,Calle 65 entre Avenida 78 y Avenida 78A,410,Pueblo Grifo ,"2,8","0,56"
Calle,65,Avenida,78A,Calle,65A,Calle 65 entre Avenida 78A y Calle 65A,432,Pueblo Grifo ,3,"0,59"
Calle,65A,Calle,65,Avenida,80,Calle 65A entre Calle 65 y Avenida 80,443,Pueblo Grifo ,"3,1","0,61"
Calle,65,Calle,65A,Avenida,80,Calle 65 entre Calle 65A y Avenida 80,443,Pueblo Grifo ,"3,1","0,61"
Calle,67,Calle,63,Avenida,42,Calle 67 entre Calle 63 y Avenida 42,216,Reparto Hermanas Giral,"0,6","0,30"
Calle,67,Avenida,42,Avenida,44,Calle 67 entre Avenida 42 y Avenida 44,216,La Juanita,"0,5","0,30"
Calle,67,Avenida,44,Avenida,46,Calle 67 entre Avenida 44 y Avenida 46,216,La Juanita,"0,6","0,30"
Calle,67,Avenida,46,Avenida,48,Calle 67 entre Avenida 46 y Avenida 48,216,La Juanita,"0,7","0,30"
Calle,67,Avenida,48,Avenida,50,Calle 67 entre Avenida 48 y Avenida 50,216,La Juanita,"0,8","0,30"
Calle,67,Avenida,50,Avenida,52,Calle 67 entre Avenida 50 y Avenida 52,227,La Juanita,"1,1","0,31"
Calle,67,Avenida,52,Avenida,54,Calle 67 entre Avenida 52 y Avenida 54,238,La Juanita,"1,2","0,33"
Calle,67,Avenida,54,Avenida,56,Calle 67 entre Avenida 54 y Avenida 56,248,La Juanita,"1,3","0,34"
Calle,67,Avenida,56,Avenida,58,Calle 67 entre Avenida 56 y Avenida 58,259,La Juanita,"1,4","0,36"
Calle,67,Avenida,58,Avenida,60,Calle 67 entre Avenida 58 y Avenida 60,270,La Juanita,"1,5","0,37"
Calle,67,Avenida,60,Avenida,62,Calle 67 entre Avenida 60 y Avenida 62,281,La Juanita,"1,6","0,38"
Calle,67,Avenida,62,Avenida,64A,Calle 67 entre Avenida 62 y Avenida 64A,292,La Juanita,"1,7","0,40"
Calle,67,Avenida,64A,Calle,12 NE,Calle 67 entre Avenida 64A y Calle 12 NE,302,La Juanita,"1,8","0,41"
Calle,67,Calle,10 NE,Calle,12 NE,Calle 67 entre Calle 10 NE y Calle 12 NE,292,La Juanita,"1,7","0,40"
Calle,67,Calle,8 NE,Calle,10 NE,Calle 67 entre Calle 8 NE y Calle 10 NE,302,La Juanita,"1,8","0,41"
Calle,67 NE,Calle,4 NE,Calle,6 NE,Calle 67 NE entre Calle 4 NE y Calle 6 NE,367,La Juanita,"2,4","0,50"
Calle,67,Avenida,70,Avenida,72,Calle 67 entre Avenida 70 y Avenida 72,400,Pueblo Grifo ,"2,7","0,55"
Calle,67,Avenida,72,Avenida,74,Calle 67 entre Avenida 72 y Avenida 74,400,Pueblo Grifo ,"2,7","0,55"
Calle,67,Avenida,74,Avenida,78,Calle 67 entre Avenida 74 y Avenida 78,410,Pueblo Grifo ,"2,8","0,56"
Calle,69,Avenida,42,Avenida,44,Calle 69 entre Avenida 42 y Avenida 44,216,La Juanita,"0,9","0,30"
Calle,69,Avenida,44,Avenida,46,Calle 69 entre Avenida 44 y Avenida 46,216,La Juanita,1,"0,30"
Calle,69,Avenida,46,Avenida,48,Calle 69 entre Avenida 46 y Avenida 48,227,La Juanita,"1,1","0,31"
Calle,69,Avenida,48,Avenida,50,Calle 69 entre Avenida 48 y Avenida 50,238,La Juanita,"1,2","0,33"
Calle,69,Avenida,50,Avenida,52,Calle 69 entre Avenida 50 y Avenida 52,248,La Juanita,"1,3","0,34"
Calle,69,Avenida,52,Avenida,54,Calle 69 entre Avenida 52 y Avenida 54,259,La Juanita,"1,4","0,36"
Calle,69,Avenida,54,Avenida,56,Calle 69 entre Avenida 54 y Avenida 56,270,La Juanita,"1,5","0,37"
Calle,69,Avenida,56,Avenida,58,Calle 69 entre Avenida 56 y Avenida 58,281,La Juanita,"1,6","0,38"
Calle,69,Avenida,58,Avenida,60,Calle 69 entre Avenida 58 y Avenida 60,292,La Juanita,"1,7","0,40"
Calle,69,Avenida,60,Avenida,62,Calle 69 entre Avenida 60 y Avenida 62,302,La Juanita,"1,8","0,41"
Calle,69,Avenida,62,Avenida,64A,Calle 69 entre Avenida 62 y Avenida 64A,313,La Juanita,"1,9","0,43"
Calle,69,Avenida,72,Avenida,74,Calle 69 entre Avenida 72 y Avenida 74,410,Pueblo Grifo ,"2,8","0,56"
Calle,69,Avenida,74,Avenida,78,Calle 69 entre Avenida 74 y Avenida 78,421,Pueblo Grifo ,"2,9","0,58"
Calle,69,Avenida,78,Avenida,78A,Calle 69 entre Avenida 78 y Avenida 78A,443,Pueblo Grifo ,"3,1","0,61"
Calle,69,Avenida,78A,Avenida,80,Calle 69 entre Avenida 78A y Avenida 80,454,Pueblo Grifo ,"3,2","0,62"
Calle,71,Avenida,42,Avenida,44,Calle 71 entre Avenida 42 y Avenida 44,216,La Juanita,"0,8","0,30"
Calle,71,Avenida,44,Avenida,46,Calle 71 entre Avenida 44 y Avenida 46,216,La Juanita,"0,9","0,30"
Calle,71,Avenida,46,Avenida,48,Calle 71 entre Avenida 46 y Avenida 48,216,La Juanita,1,"0,30"
Calle,71,Avenida,48,Avenida,50,Calle 71 entre Avenida 48 y Avenida 50,227,La Juanita,"1,1","0,31"
Calle,71,Avenida,50,Avenida,52,Calle 71 entre Avenida 50 y Avenida 52,238,La Juanita,"1,2","0,33"
Calle,71,Avenida,52,Avenida,54,Calle 71 entre Avenida 52 y Avenida 54,248,La Juanita,"1,3","0,34"
Calle,71,Avenida,54,Avenida,56,Calle 71 entre Avenida 54 y Avenida 56,259,La Juanita,"1,4","0,36"
Calle,71,Avenida,56,Avenida,58,Calle 71 entre Avenida 56 y Avenida 58,270,La Juanita,"1,5","0,37"
Calle,71,Avenida,58,Avenida,60,Calle 71 entre Avenida 58 y Avenida 60,281,La Juanita,"1,6","0,38"
Calle,71,Avenida,60,Avenida,62,Calle 71 entre Avenida 60 y Avenida 62,292,La Juanita,"1,7","0,40"
Calle,71,Avenida,62,Avenida,64A,Calle 71 entre Avenida 62 y Avenida 64A,302,La Juanita,"1,8","0,41"
Calle,71,Avenida,64A,Calle,14 NE,Calle 71 entre Avenida 64A y Calle 14 NE,313,La Juanita,"1,9","0,43"
Calle,71,Calle,10 NE,Calle,12 NE,Calle 71 entre Calle 10 NE y Calle 12 NE,335,La Juanita,"2,1","0,46"
Calle,71,Calle,12 NE,Calle,14 NE,Calle 71 entre Calle 12 NE y Calle 14 NE,324,La Juanita,2,"0,44"
Calle,71,Avenida,78,Avenida,78A,Calle 71 entre Avenida 78 y Avenida 78A,475,Pueblo Grifo ,"3,4","0,65"
Calle,71,Avenida,78A,Avenida,80,Calle 71 entre Avenida 78A y Avenida 80,486,Pueblo Grifo ,"3,5","0,67"
Calle,73,Avenida,42,Avenida,44,Calle 73 entre Avenida 42 y Avenida 44,216,La Juanita,"0,9","0,30"
Calle,73,Avenida,44,Avenida,46,Calle 73 entre Avenida 44 y Avenida 46,216,La Juanita,1,"0,30"
Calle,73,Avenida,46,Avenida,48,Calle 73 entre Avenida 46 y Avenida 48,227,La Juanita,"1,1","0,31"
Calle,73,Avenida,48,Avenida,50,Calle 73 entre Avenida 48 y Avenida 50,238,La Juanita,"1,2","0,33"
Calle,73,Avenida,50,Avenida,52,Calle 73 entre Avenida 50 y Avenida 52,248,La Juanita,"1,3","0,34"
Calle,73,Avenida,52,Avenida,54,Calle 73 entre Avenida 52 y Avenida 54,259,La Juanita,"1,4","0,36"
Calle,73,Avenida,54,Avenida,56,Calle 73 entre Avenida 54 y Avenida 56,270,La Juanita,"1,5","0,37"
Calle,73,Avenida,56,Avenida,58,Calle 73 entre Avenida 56 y Avenida 58,281,La Juanita,"1,6","0,38"
Calle,73,Avenida,58,Avenida,60,Calle 73 entre Avenida 58 y Avenida 60,292,La Juanita,"1,7","0,40"
Calle,73,Avenida,60,Avenida,62,Calle 73 entre Avenida 60 y Avenida 62,302,La Juanita,"1,8","0,41"
Calle,73,Avenida,62,Avenida,64A,Calle 73 entre Avenida 62 y Avenida 64A,313,La Juanita,"1,9","0,43"
Calle,73,Avenida,64A,Calle,16 NE,Calle 73 entre Avenida 64A y Calle 16 NE,313,La Juanita,"1,9","0,43"
Calle,73,Calle,6 NE,Calle,8 NE,Calle 73 entre Calle 6 NE y Calle 8 NE,356,La Juanita,"2,3","0,49"
Calle,73,Calle,8 NE,Calle,10 NE,Calle 73 entre Calle 8 NE y Calle 10 NE,346,La Juanita,"2,2","0,47"
Calle,73,Calle,10 NE,Calle,12 NE,Calle 73 entre Calle 10 NE y Calle 12 NE,335,La Juanita,"2,1","0,46"
Calle,73,Calle,12 NE,Calle,14 NE,Calle 73 entre Calle 12 NE y Calle 14 NE,324,La Juanita,2,"0,44"
Calle,73,Calle,14 NE,Calle,16 NE,Calle 73 entre Calle 14 NE y Calle 16 NE,313,La Juanita,"1,9","0,43"
Calle,75,Avenida,28,Avenida,30A,Calle 75 entre Avenida 28 y Avenida 30A,292,Callejon Calabazas,"1,7","0,40"
Calle,75,Avenida,30A,Avenida,32,Calle 75 entre Avenida 30A y Avenida 32,302,Callejon Calabazas,"1,8","0,41"
Calle,75,Avenida,32,Avenida,34,Calle 75 entre Avenida 32 y Avenida 34,313,Callejon Calabazas,"1,9","0,43"
Calle,75,Avenida,34,Avenida,36,Calle 75 entre Avenida 34 y Avenida 36,259,Callejon Calabazas,"1,4","0,36"
Calle,75,Avenida,36,Avenida,38,Calle 75 entre Avenida 36 y Avenida 38,227,Callejon Calabazas,"1,1","0,31"
Calle,75,Avenida,38,Avenida,40,Calle 75 entre Avenida 38 y Avenida 40,216,Callejon Calabazas,1,"0,30"
Calle,75,Avenida,40,Avenida,42,Calle 75 entre Avenida 40 y Avenida 42,216,Callejon Calabazas,1,"0,30"
Calle,75,Avenida,42,Avenida,44,Calle 75 entre Avenida 42 y Avenida 44,216,La Juanita,1,"0,30"
Calle,75,Avenida,44,Avenida,46,Calle 75 entre Avenida 44 y Avenida 46,227,La Juanita,"1,1","0,31"
Calle,75,Avenida,46,Avenida,48,Calle 75 entre Avenida 46 y Avenida 48,238,La Juanita,"1,2","0,33"
Calle,75,Avenida,48,Avenida,50,Calle 75 entre Avenida 48 y Avenida 50,248,La Juanita,"1,3","0,34"
Calle,75,Avenida,50,Avenida,52,Calle 75 entre Avenida 50 y Avenida 52,259,La Juanita,"1,4","0,36"
Calle,75,Avenida,52,Avenida,54,Calle 75 entre Avenida 52 y Avenida 54,270,La Juanita,"1,5","0,37"
Calle,75,Avenida,54,Avenida,56,Calle 75 entre Avenida 54 y Avenida 56,281,La Juanita,"1,6","0,38"
Calle,75,Avenida,56,Avenida,58,Calle 75 entre Avenida 56 y Avenida 58,292,La Juanita,"1,7","0,40"
Calle,75,Avenida,58,Avenida,60,Calle 75 entre Avenida 58 y Avenida 60,302,Tulipan,"1,8","0,41"
Calle,75,Avenida,60,Avenida,62,Calle 75 entre Avenida 60 y Avenida 62,313,Tulipan,"1,9","0,43"
Calle,75,Avenida,62,Avenida,64A,Calle 75 entre Avenida 62 y Avenida 64A,324,Tulipan,2,"0,44"
Calle,75,Avenida,64A,Calle,18 NE,Calle 75 entre Avenida 64A y Calle 18 NE,324,Tulipan,2,"0,44"
Calle,75,Calle,2 NE,Calle,4 NE,Calle 75 entre Calle 2 NE y Calle 4 NE,389,Tulipan,"2,6","0,53"
Calle,75,Calle,4 NE ,Calle,6 NE,Calle 75 entre Calle 4 NE  y Calle 6 NE,378,Tulipan,"2,5","0,52"
Calle,75,Calle,6 NE,Calle,8 NE ,Calle 75 entre Calle 6 NE y Calle 8 NE ,367,Tulipan,"2,4","0,50"
Calle,75,Calle,8 NE ,Calle,10 NE ,Calle 75 entre Calle 8 NE  y Calle 10 NE ,356,Tulipan,"2,3","0,49"
Calle,75,Calle,10 NE ,Calle,12 NE ,Calle 75 entre Calle 10 NE  y Calle 12 NE ,346,Tulipan,"2,2","0,47"
Calle,75,Calle,12 NE ,Calle,14 NE ,Calle 75 entre Calle 12 NE  y Calle 14 NE ,335,Tulipan,"2,1","0,46"
Calle,75,Calle,14 NE ,Calle,16 NE ,Calle 75 entre Calle 14 NE  y Calle 16 NE ,324,Tulipan,2,"0,44"
Calle,75,Calle,16 NE ,Calle,18 NE,Calle 75 entre Calle 16 NE  y Calle 18 NE,313,Tulipan,"1,9","0,43"
Calle,75,Avenida,64,Calle,2 NE,Calle 75 entre Avenida 64 y Calle 2 NE,389,Tulipan,"2,6","0,53"
Calle,77,Avenida,48,Avenida,48A,Calle 77 entre Avenida 48 y Avenida 48A,270,La Juanita,"1,5","0,37"
Calle,77,Avenida,48A,Avenida,50,Calle 77 entre Avenida 48A y Avenida 50,259,La Juanita,"1,4","0,36"
Calle,77,Avenida,58,Avenida,60,Calle 77 entre Avenida 58 y Avenida 60,302,Tulipan,"1,8","0,41"
Calle,77,Avenida,60,Avenida,62,Calle 77 entre Avenida 60 y Avenida 62,313,Tulipan,"1,9","0,43"
Calle,77,Avenida,62,Avenida,64A,Calle 77 entre Avenida 62 y Avenida 64A,324,Tulipan,2,"0,44"
Calle,77,Avenida,20 NE,Calle,18 NE,Calle 77 entre Avenida 20 NE y Calle 18 NE,346,Tulipan,"2,2","0,47"
Calle,77,Avenida,64,Calle,4 NE,Calle 77 entre Avenida 64 y Calle 4 NE,400,Tulipan,"2,7","0,55"
Calle,77,Calle,4 NE,Calle,6 NE,Calle 77 entre Calle 4 NE y Calle 6 NE,389,Tulipan,"2,6","0,53"
Calle,77,Calle,6 NE,Calle,8 NE,Calle 77 entre Calle 6 NE y Calle 8 NE,378,Tulipan,"2,5","0,52"
Calle,77,Calle,8 NE,Calle,10 NE,Calle 77 entre Calle 8 NE y Calle 10 NE,367,Tulipan,"2,4","0,50"
Calle,77,Calle,10 NE,Calle,12 NE,Calle 77 entre Calle 10 NE y Calle 12 NE,356,Tulipan,"2,3","0,49"
Calle,77,Calle,12 NE,Calle,14 NE,Calle 77 entre Calle 12 NE y Calle 14 NE,346,Tulipan,"2,2","0,47"
Calle,77,Calle,14 NE,Calle,16 NE,Calle 77 entre Calle 14 NE y Calle 16 NE,335,Tulipan,"2,1","0,46"
Calle,77,Calle,16 NE,Calle,18 NE,Calle 77 entre Calle 16 NE y Calle 18 NE,324,Tulipan,2,"0,44"
Calle,77,Avenida,32,Avenida,34,Calle 77 entre Avenida 32 y Avenida 34,346,Junco Sur,"2,2","0,47"
Calle,79,Avenida,28,Avenida,28A,Calle 79 entre Avenida 28 y Avenida 28A,302,Junco Sur,"1,8","0,41"
Calle,79,Avenida,28,Avenida,30,Calle 79 entre Avenida 28 y Avenida 30,313,Junco Sur,"1,9","0,43"
Calle,79,Avenida,30,Avenida,32,Calle 79 entre Avenida 30 y Avenida 32,324,Junco Sur,2,"0,44"
Calle,79,Avenida,36,Avenida,36A,Calle 79 entre Avenida 36 y Avenida 36A,302,Junco Sur,"1,8","0,41"
Calle,79,Avenida,36A,Avenida,38,Calle 79 entre Avenida 36A y Avenida 38,292,Junco Sur,"1,7","0,40"
Calle,79A,Avenida,34,Avenida,36,Calle 79A entre Avenida 34 y Avenida 36,270,Junco Sur,"1,5","0,37"
Calle,79A,Avenida,36,Avenida,36A,Calle 79A entre Avenida 36 y Avenida 36A,281,Junco Sur,"1,6","0,38"
Calle,79A,Avenida,36A,Avenida,38,Calle 79A entre Avenida 36A y Avenida 38,270,Junco Sur,"1,5","0,37"
Calle,79A,Avenida,38,Avenida,40,Calle 79A entre Avenida 38 y Avenida 40,259,Junco Sur,"1,4","0,36"
Calle,79A,Avenida,40,Avenida,42,Calle 79A entre Avenida 40 y Avenida 42,248,Junco Sur,"1,3","0,34"
Calle,79,Avenida,42,Avenida,48,Calle 79 entre Avenida 42 y Avenida 48,238,Junco Sur,"1,2","0,33"
Calle,79,Avenida,56,Avenida,58,Calle 79 entre Avenida 56 y Avenida 58,313,Tulipan,"1,9","0,43"
Calle,79,Avenida,58,Avenida,60,Calle 79 entre Avenida 58 y Avenida 60,313,Tulipan,"1,9","0,43"
Calle,79,Avenida,60,Avenida,62,Calle 79 entre Avenida 60 y Avenida 62,324,Tulipan,2,"0,44"
Calle,79,Avenida,62,Avenida,64A,Calle 79 entre Avenida 62 y Avenida 64A,335,Tulipan,"2,1","0,46"
Calle,79,Avenida,64A,Calle,20 NE,Calle 79 entre Avenida 64A y Calle 20 NE,346,Tulipan,"2,2","0,47"
Calle,79,Calle,4 NE,Calle,6 NE,Calle 79 entre Calle 4 NE y Calle 6 NE,421,Tulipan,"2,9","0,58"
Calle,79,Calle,6 NE,Calle,8 NE,Calle 79 entre Calle 6 NE y Calle 8 NE,410,Tulipan,"2,8","0,56"
Calle,79,Calle,8 NE,Calle,10 NE,Calle 79 entre Calle 8 NE y Calle 10 NE,400,Tulipan,"2,7","0,55"
Calle,79,Calle,10 NE,Calle,12 NE,Calle 79 entre Calle 10 NE y Calle 12 NE,389,Tulipan,"2,6","0,53"
Calle,79,Calle,12 NE,Calle,14 NE,Calle 79 entre Calle 12 NE y Calle 14 NE,378,Tulipan,"2,5","0,52"
Calle,79,Calle,14 NE,Calle,16 NE,Calle 79 entre Calle 14 NE y Calle 16 NE,367,Tulipan,"2,4","0,50"
Calle,79,Calle,16 NE,Calle,18 NE,Calle 79 entre Calle 16 NE y Calle 18 NE,356,Tulipan,"2,3","0,49"
Calle,79,Calle,18 NE,Calle,20 NE,Calle 79 entre Calle 18 NE y Calle 20 NE,346,Tulipan,"2,2","0,47"
Calle,79,Avenida,64,Calle,4 NE,Calle 79 entre Avenida 64 y Calle 4 NE,432,Tulipan,3,"0,59"
Calle,81,Avenida,28A,Avenida,30,Calle 81 entre Avenida 28A y Avenida 30,335,Junco Sur,"2,1","0,46"
Calle,81,Avenida,30,Avenida,32,Calle 81 entre Avenida 30 y Avenida 32,324,Junco Sur,2,"0,44"
Calle,81,Avenida,32,Avenida,34,Calle 81 entre Avenida 32 y Avenida 34,313,Junco Sur,"1,9","0,43"
Calle,81,Avenida,34,Avenida,36,Calle 81 entre Avenida 34 y Avenida 36,302,Junco Sur,"1,8","0,41"
Calle,81,Avenida,36,Avenida,36A,Calle 81 entre Avenida 36 y Avenida 36A,292,Junco Sur,"1,7","0,40"
Calle,81,Avenida,36A,Avenida,38,Calle 81 entre Avenida 36A y Avenida 38,281,Junco Sur,"1,6","0,38"
Calle,81,Avenida,38,Avenida,40,Calle 81 entre Avenida 38 y Avenida 40,270,Junco Sur,"1,5","0,37"
Calle,81,Avenida,40,Avenida,42,Calle 81 entre Avenida 40 y Avenida 42,259,Junco Sur,"1,4","0,36"
Calle,81,Avenida,56,Avenida,58,Calle 81 entre Avenida 56 y Avenida 58,324,Tulipan,2,"0,44"
Calle,81,Avenida,58,Avenida,60,Calle 81 entre Avenida 58 y Avenida 60,324,Tulipan,2,"0,44"
Calle,81,Avenida,60,Avenida,62,Calle 81 entre Avenida 60 y Avenida 62,335,Tulipan,"2,1","0,46"
Calle,81,Avenida,62,Avenida,64A,Calle 81 entre Avenida 62 y Avenida 64A,346,Tulipan,"2,2","0,47"
Calle,81,Avenida,64A,Calle,22 NE,Calle 81 entre Avenida 64A y Calle 22 NE,356,Tulipan,"2,3","0,49"
Calle,81,Calle,4 NE,Calle,6 NE,Calle 81 entre Calle 4 NE y Calle 6 NE,421,Tulipan,"2,9","0,58"
Calle,81,Calle,6 NE,Calle,8 NE,Calle 81 entre Calle 6 NE y Calle 8 NE,410,Tulipan,"2,8","0,56"
Calle,81,Calle,8 NE,Calle,10 NE,Calle 81 entre Calle 8 NE y Calle 10 NE,400,Tulipan,"2,7","0,55"
Calle,81,Calle,10 NE,Calle,12 NE,Calle 81 entre Calle 10 NE y Calle 12 NE,389,Tulipan,"2,6","0,53"
Calle,81,Calle,12 NE,Calle,14 NE,Calle 81 entre Calle 12 NE y Calle 14 NE,378,Tulipan,"2,5","0,52"
Calle,81,Calle,14 NE,Calle,16 NE,Calle 81 entre Calle 14 NE y Calle 16 NE,367,Tulipan,"2,4","0,50"
Calle,81,Calle,16 NE,Calle,18 NE,Calle 81 entre Calle 16 NE y Calle 18 NE,356,Tulipan,"2,3","0,49"
Calle,81,Calle,18 NE,Calle,20 NE,Calle 81 entre Calle 18 NE y Calle 20 NE,346,Tulipan,"2,2","0,47"
Calle,81,Calle,20 NE,Calle,22 NE,Calle 81 entre Calle 20 NE y Calle 22 NE,335,Tulipan,"2,1","0,46"
Calle,83,Avenida,30,Avenida,32,Calle 83 entre Avenida 30 y Avenida 32,335,Junco Sur,"2,1","0,46"
Calle,83,Avenida,32,Avenida,34,Calle 83 entre Avenida 32 y Avenida 34,324,Junco Sur,2,"0,44"
Calle,83,Avenida,56,Avenida,58,Calle 83 entre Avenida 56 y Avenida 58,335,Tulipan,"2,1","0,46"
Calle,83,Avenida,58,Avenida,60,Calle 83 entre Avenida 58 y Avenida 60,335,Tulipan,"2,1","0,46"
Calle,83,Avenida,60,Avenida,62,Calle 83 entre Avenida 60 y Avenida 62,324,Tulipan,2,"0,44"
Calle,83,Avenida,62,Avenida,64A,Calle 83 entre Avenida 62 y Avenida 64A,313,Tulipan,"1,9","0,43"
Calle,83,Avenida,64,Calle,2 NE,Calle 83 entre Avenida 64 y Calle 2 NE,443,Tulipan,"3,1","0,61"
Calle,83,Calle,2 NE,Calle,4 NE,Calle 83 entre Calle 2 NE y Calle 4 NE,432,Tulipan,3,"0,59"
Calle,83,Calle,4 NE,Calle,6 NE,Calle 83 entre Calle 4 NE y Calle 6 NE,410,Tulipan,"2,8","0,56"
Calle,83,Calle,6 NE,Calle,8 NE,Calle 83 entre Calle 6 NE y Calle 8 NE,400,Tulipan,"2,7","0,55"
Calle,83,Calle,8 NE,Calle,10 NE,Calle 83 entre Calle 8 NE y Calle 10 NE,389,Tulipan,"2,6","0,53"
Calle,83,Calle,10 NE,Calle,12 NE,Calle 83 entre Calle 10 NE y Calle 12 NE,367,Tulipan,"2,4","0,50"
Calle,83,Calle,12 NE,Calle,14 NE,Calle 83 entre Calle 12 NE y Calle 14 NE,367,Tulipan,"2,4","0,50"
Calle,83,Calle,14 NE,Calle,16 NE,Calle 83 entre Calle 14 NE y Calle 16 NE,356,Tulipan,"2,3","0,49"
Calle,83,Calle,16 NE,Calle,18 NE,Calle 83 entre Calle 16 NE y Calle 18 NE,356,Tulipan,"2,3","0,49"
Calle,83,Calle,18 NE,Calle,20 NE,Calle 83 entre Calle 18 NE y Calle 20 NE,378,Tulipan,"2,5","0,52"
Calle,83,Calle,20 NE,Calle,22 NE,Calle 83 entre Calle 20 NE y Calle 22 NE,367,Tulipan,"2,4","0,50"
Calle,83A,Avenida,70,Avenida,72,Calle 83A entre Avenida 70 y Avenida 72,594,Buena Vista,"4,5","0,81"
Calle,83A,Avenida,72,Avenida,76,Calle 83A entre Avenida 72 y Avenida 76,605,Buena Vista,"4,6","0,83"
Calle,83,Avenida,70,Avenida,72,Calle 83 entre Avenida 70 y Avenida 72,443,Pueblo Grifo ,"3,1","0,61"
Calle,85,Avenida,32,Avenida,34,Calle 85 entre Avenida 32 y Avenida 34,346,Junco Sur,"2,2","0,47"
Calle,85,Avenida,34,Avenida,36,Calle 85 entre Avenida 34 y Avenida 36,335,Junco Sur,"2,1","0,46"
Calle,85,Avenida,56,Avenida,58,Calle 85 entre Avenida 56 y Avenida 58,346,Tulipan,"2,2","0,47"
Calle,85,Avenida,58,Avenida,60,Calle 85 entre Avenida 58 y Avenida 60,346,Tulipan,"2,2","0,47"
Calle,85,Avenida,60,Avenida,62,Calle 85 entre Avenida 60 y Avenida 62,356,Tulipan,"2,3","0,49"
Calle,85,Avenida,62,Avenida,64A,Calle 85 entre Avenida 62 y Avenida 64A,367,Tulipan,"2,4","0,50"
Calle,85,Avenida,64A,Calle,22 NE,Calle 85 entre Avenida 64A y Calle 22 NE,378,Tulipan,"2,5","0,52"
Calle,85,Calle,2 NE ,Calle,4 NE,Calle 85 entre Calle 2 NE  y Calle 4 NE,486,Tulipan,"3,5","0,67"
Calle,85,Calle,4 NE,Calle,6 NE ,Calle 85 entre Calle 4 NE y Calle 6 NE ,475,Tulipan,"3,4","0,65"
Calle,85,Calle,6 NE ,Calle,8 NE ,Calle 85 entre Calle 6 NE  y Calle 8 NE ,464,Tulipan,"3,3","0,64"
Calle,85,Calle,8 NE ,Calle,10 NE ,Calle 85 entre Calle 8 NE  y Calle 10 NE ,454,Tulipan,"3,2","0,62"
Calle,85,Calle,10 NE ,Calle,12 NE ,Calle 85 entre Calle 10 NE  y Calle 12 NE ,443,Tulipan,"3,1","0,61"
Calle,85,Calle,12 NE ,Calle,14 NE ,Calle 85 entre Calle 12 NE  y Calle 14 NE ,432,Tulipan,3,"0,59"
Calle,85,Calle,14 NE ,Calle,16 NE ,Calle 85 entre Calle 14 NE  y Calle 16 NE ,421,Tulipan,"2,9","0,58"
Calle,85,Calle,16 NE ,Calle,18 NE ,Calle 85 entre Calle 16 NE  y Calle 18 NE ,410,Tulipan,"2,8","0,56"
Calle,85,Calle,18 NE ,Calle,20 NE ,Calle 85 entre Calle 18 NE  y Calle 20 NE ,400,Tulipan,"2,7","0,55"
Calle,85,Calle,20 NE ,Calle,22 NE,Calle 85 entre Calle 20 NE  y Calle 22 NE,389,Tulipan,"2,6","0,53"
Calle,85,Avenida,64,Calle,2 NE,Calle 85 entre Avenida 64 y Calle 2 NE,497,Tulipan,"3,6","0,68"
Calle,85,Calle,113,Calle,ALMACENES DEL MIEDO,Calle 85 entre Calle 113 y Calle ALMACENES DEL MIEDO,540,Almacenes,4,"0,74"
Calle,87,Avenida,28,Avenida,30,Calle 87 entre Avenida 28 y Avenida 30,378,Junco Sur,"2,5","0,52"
Calle,87,Avenida,30,Avenida,32,Calle 87 entre Avenida 30 y Avenida 32,367,Junco Sur,"2,4","0,50"
Calle,87,Avenida,56,Avenida,58,Calle 87 entre Avenida 56 y Avenida 58,356,Tulipan,"2,3","0,49"
Calle,87,Avenida,58,Avenida,60,Calle 87 entre Avenida 58 y Avenida 60,356,Tulipan,"2,3","0,49"
Calle,87,Avenida,60,Avenida,62,Calle 87 entre Avenida 60 y Avenida 62,367,Tulipan,"2,4","0,50"
Calle,87,Avenida,62,Avenida,64A,Calle 87 entre Avenida 62 y Avenida 64A,378,Tulipan,"2,5","0,52"
Calle,87,Avenida,64A,Calle,24 NE,Calle 87 entre Avenida 64A y Calle 24 NE,389,Tulipan,"2,6","0,53"
Calle,87,Calle,2 NE,Calle,4 NE,Calle 87 entre Calle 2 NE y Calle 4 NE,497,Tulipan,"3,6","0,68"
Calle,87,Calle,4 NE,Calle,6 NE,Calle 87 entre Calle 4 NE y Calle 6 NE,486,Tulipan,"3,5","0,67"
Calle,87,Calle,6 NE,Calle,8 NE,Calle 87 entre Calle 6 NE y Calle 8 NE,475,Tulipan,"3,4","0,65"
Calle,87,Calle,8 NE,Calle,10 NE,Calle 87 entre Calle 8 NE y Calle 10 NE,464,Tulipan,"3,3","0,64"
Calle,87,Calle,10 NE,Calle,12 NE,Calle 87 entre Calle 10 NE y Calle 12 NE,454,Tulipan,"3,2","0,62"
Calle,87,Calle,12 NE,Calle,14 NE,Calle 87 entre Calle 12 NE y Calle 14 NE,443,Tulipan,"3,1","0,61"
Calle,87,Calle,14 NE,Calle,16 NE,Calle 87 entre Calle 14 NE y Calle 16 NE,432,Tulipan,3,"0,59"
Calle,87,Calle,16 NE,Calle,18 NE,Calle 87 entre Calle 16 NE y Calle 18 NE,421,Tulipan,"2,9","0,58"
Calle,87,Calle,18 NE,Calle,20 NE,Calle 87 entre Calle 18 NE y Calle 20 NE,410,Tulipan,"2,8","0,56"
Calle,87,Calle,20 NE,Calle,22 NE,Calle 87 entre Calle 20 NE y Calle 22 NE,400,Tulipan,"2,7","0,55"
Calle,87,Calle,22 NE,Calle,24 NE,Calle 87 entre Calle 22 NE y Calle 24 NE,389,Tulipan,"2,6","0,53"
Calle,87,Avenida,64,Calle,2 NE,Calle 87 entre Avenida 64 y Calle 2 NE,508,Tulipan,"3,7","0,70"
Calle,87,Avenida,64,Avenida,66,Calle 87 entre Avenida 64 y Avenida 66,421,Buena Vista,"2,9","0,58"
Calle,87,Avenida,66,Avenida,68,Calle 87 entre Avenida 66 y Avenida 68,432,Buena Vista,3,"0,59"
Calle,87,Avenida,68,Avenida,70,Calle 87 entre Avenida 68 y Avenida 70,443,Buena Vista,"3,1","0,61"
Calle,89,Avenida,28,Avenida,30,Calle 89 entre Avenida 28 y Avenida 30,389,Junco Sur,"2,6","0,53"
Calle,89,Avenida,30,Avenida,32,Calle 89 entre Avenida 30 y Avenida 32,378,Junco Sur,"2,5","0,52"
Calle,89,Avenida,56,Avenida,58,Calle 89 entre Avenida 56 y Avenida 58,367,Tulipan,"2,4","0,50"
Calle,89,Avenida,58,Avenida,60,Calle 89 entre Avenida 58 y Avenida 60,367,Tulipan,"2,4","0,50"
Calle,89,Avenida,60,Avenida,62,Calle 89 entre Avenida 60 y Avenida 62,378,Tulipan,"2,5","0,52"
Calle,89,Avenida,62,Avenida,64A,Calle 89 entre Avenida 62 y Avenida 64A,389,Tulipan,"2,6","0,53"
Calle,89,Avenida,64A,Calle,26 NE,Calle 89 entre Avenida 64A y Calle 26 NE,410,Tulipan,"2,8","0,56"
Calle,89,Calle,4 NE,Calle,6 NE,Calle 89 entre Calle 4 NE y Calle 6 NE,497,Tulipan,"3,6","0,68"
Calle,89,Calle,6 NE,Calle,8 NE,Calle 89 entre Calle 6 NE y Calle 8 NE,486,Tulipan,"3,5","0,67"
Calle,89,Calle,8 NE,Calle,10 NE,Calle 89 entre Calle 8 NE y Calle 10 NE,475,Tulipan,"3,4","0,65"
Calle,89,Calle,10 NE,Calle,12 NE,Calle 89 entre Calle 10 NE y Calle 12 NE,464,Tulipan,"3,3","0,64"
Calle,89,Calle,12 NE,Calle,14 NE,Calle 89 entre Calle 12 NE y Calle 14 NE,454,Tulipan,"3,2","0,62"
Calle,89,Calle,14 NE,Calle,16 NE,Calle 89 entre Calle 14 NE y Calle 16 NE,443,Tulipan,"3,1","0,61"
Calle,89,Calle,16 NE,Calle,18 NE,Calle 89 entre Calle 16 NE y Calle 18 NE,432,Tulipan,3,"0,59"
Calle,89,Calle,18 NE,Calle,20 NE,Calle 89 entre Calle 18 NE y Calle 20 NE,421,Tulipan,"2,9","0,58"
Calle,89,Calle,20 NE,Calle,22 NE,Calle 89 entre Calle 20 NE y Calle 22 NE,410,Tulipan,"2,8","0,56"
Calle,89,Calle,22 NE,Calle,24 NE,Calle 89 entre Calle 22 NE y Calle 24 NE,400,Tulipan,"2,7","0,55"
Calle,89,Calle,24 NE,Calle,26 NE,Calle 89 entre Calle 24 NE y Calle 26 NE,389,Tulipan,"2,6","0,53"
Calle,89,Avenida,64,Avenida,66,Calle 89 entre Avenida 64 y Avenida 66,432,Buena Vista,3,"0,59"
Calle,89,Avenida,66,Avenida,68,Calle 89 entre Avenida 66 y Avenida 68,443,Buena Vista,"3,1","0,61"
Calle,89,Avenida,68,Avenida,70,Calle 89 entre Avenida 68 y Avenida 70,454,Buena Vista,"3,2","0,62"
Calle,89,Avenida,70,Avenida,72,Calle 89 entre Avenida 70 y Avenida 72,464,Buena Vista,"3,3","0,64"
Calle,89,Avenida,72,Avenida,76,Calle 89 entre Avenida 72 y Avenida 76,475,Buena Vista,"3,4","0,65"
Calle,89,Avenida,72,Avenida,74,Calle 89 entre Avenida 72 y Avenida 74,475,Buena Vista,"3,4","0,65"
Calle,91,Calle,89,Calle,12 PLANTA JUNCO SUR,Calle 91 entre Calle 89 y Calle 12 PLANTA JUNCO SUR,400,Junco Sur,"2,7","0,55"
Calle,91,Avenida,32,Calle,MARINA JUNCO SUR,Calle 91 entre Avenida 32 y Calle MARINA JUNCO SUR,367,Junco Sur,"2,4","0,50"
Calle,91,Avenida,58,Avenida,60,Calle 91 entre Avenida 58 y Avenida 60,378,Tulipan,"2,5","0,52"
Calle,91,Avenida,60,Avenida,62,Calle 91 entre Avenida 60 y Avenida 62,389,Tulipan,"2,6","0,53"
Calle,91,Avenida,62,Avenida,64A,Calle 91 entre Avenida 62 y Avenida 64A,400,Tulipan,"2,7","0,55"
Calle,93,Avenida,56,Avenida,58,Calle 93 entre Avenida 56 y Avenida 58,389,Tulipan,"2,6","0,53"
Calle,93,Avenida,58,Avenida,60,Calle 93 entre Avenida 58 y Avenida 60,389,Tulipan,"2,6","0,53"
Calle,93,Avenida,60,Avenida,62,Calle 93 entre Avenida 60 y Avenida 62,400,Tulipan,"2,7","0,55"
Calle,93,Avenida,62,Avenida,64A,Calle 93 entre Avenida 62 y Avenida 64A,410,Tulipan,"2,8","0,56"
Calle,93,Avenida,64A,Calle,28 NE,Calle 93 entre Avenida 64A y Calle 28 NE,410,Tulipan,"2,8","0,56"
Calle,93,Calle,10 NE ,Calle,12 NE,Calle 93 entre Calle 10 NE  y Calle 12 NE,421,Tulipan,"2,9","0,58"
Calle,93,Calle,12 NE,Calle,14 NE ,Calle 93 entre Calle 12 NE y Calle 14 NE ,421,Tulipan,"2,9","0,58"
Calle,93,Calle,14 NE ,Calle,16 NE ,Calle 93 entre Calle 14 NE  y Calle 16 NE ,410,Tulipan,"2,8","0,56"
Calle,93,Calle,16 NE ,Calle,18 NE ,Calle 93 entre Calle 16 NE  y Calle 18 NE ,400,Tulipan,"2,7","0,55"
Calle,93,Calle,18 NE ,Calle,20 NE ,Calle 93 entre Calle 18 NE  y Calle 20 NE ,410,Tulipan,"2,8","0,56"
Calle,93,Calle,20 NE ,Calle,22 NE ,Calle 93 entre Calle 20 NE  y Calle 22 NE ,400,Tulipan,"2,7","0,55"
Calle,93,Calle,22 NE ,Calle,24 NE ,Calle 93 entre Calle 22 NE  y Calle 24 NE ,389,Tulipan,"2,6","0,53"
Calle,93,Calle,24 NE ,Calle,26 NE ,Calle 93 entre Calle 24 NE  y Calle 26 NE ,410,Tulipan,"2,8","0,56"
Calle,93,Calle,26 NE ,Calle,28 NE,Calle 93 entre Calle 26 NE  y Calle 28 NE,410,Tulipan,"2,8","0,56"
Calle,97,Avenida,42,Avenida,56,Calle 97 entre Avenida 42 y Avenida 56,410,Tulipan,"2,8","0,56"
Calle,97,Avenida,56,Avenida,58,Calle 97 entre Avenida 56 y Avenida 58,410,Tulipan,"2,8","0,56"
Calle,97,Calle,12 NE,Calle,14 NE,Calle 97 entre Calle 12 NE y Calle 14 NE,421,Tulipan,"2,9","0,58"
Calle,97,Calle,14 NE,Calle,16 NE,Calle 97 entre Calle 14 NE y Calle 16 NE,389,Tulipan,"2,6","0,53"
Calle,97,Calle,16 NE,Calle,18 NE,Calle 97 entre Calle 16 NE y Calle 18 NE,400,Tulipan,"2,7","0,55"
Calle,97,Calle,18 NE,Calle,20 NE,Calle 97 entre Calle 18 NE y Calle 20 NE,410,Tulipan,"2,8","0,56"
Calle,97,Calle,20 NE,Calle,22 NE,Calle 97 entre Calle 20 NE y Calle 22 NE,432,Tulipan,3,"0,59"
Calle,97,Calle,22 NE,Calle,24 NE,Calle 97 entre Calle 22 NE y Calle 24 NE,432,Tulipan,3,"0,59"
Calle,97,Calle,24 NE,Calle,26 NE,Calle 97 entre Calle 24 NE y Calle 26 NE,432,Tulipan,3,"0,59"
Calle,97,Calle,26 NE,Calle,28 NE,Calle 97 entre Calle 26 NE y Calle 28 NE,432,Tulipan,3,"0,59"
Calle,97A,Avenida,64,Calle,2 NE,Calle 97A entre Avenida 64 y Calle 2 NE,443,Buena Vista,"3,1","0,61"
Calle,97,Avenida,64,Avenida,66,Calle 97 entre Avenida 64 y Avenida 66,443,Buena Vista,"3,1","0,61"
Calle,97,Avenida,66,Avenida,68,Calle 97 entre Avenida 66 y Avenida 68,454,Buena Vista,"3,2","0,62"
Calle,97,Avenida,68,Avenida,70,Calle 97 entre Avenida 68 y Avenida 70,464,Buena Vista,"3,3","0,64"
Calle,97,Avenida,70,Avenida,72,Calle 97 entre Avenida 70 y Avenida 72,475,Buena Vista,"3,4","0,65"
Calle,97,Avenida,72,Avenida,74,Calle 97 entre Avenida 72 y Avenida 74,486,Buena Vista,"3,5","0,67"
Calle,99,Calle,6 NE,Calle,10 NE,Calle 99 entre Calle 6 NE y Calle 10 NE,486,Tulipan,"3,5","0,67"
Calle,99,Calle,10 NE,Calle,12 NE,Calle 99 entre Calle 10 NE y Calle 12 NE,432,Tulipan,3,"0,59"
Calle,99,Calle,12 NE,Calle,14 NE,Calle 99 entre Calle 12 NE y Calle 14 NE,432,Tulipan,3,"0,59"
Calle,99,Calle,14 NE,Calle,16 NE,Calle 99 entre Calle 14 NE y Calle 16 NE,432,Tulipan,3,"0,59"
Calle,99,Calle,16 NE,Calle,18 NE,Calle 99 entre Calle 16 NE y Calle 18 NE,421,Tulipan,"2,9","0,58"
Calle,99,Calle,18 NE,Calle,20 NE,Calle 99 entre Calle 18 NE y Calle 20 NE,421,Tulipan,"2,9","0,58"
Calle,99,Calle,20 NE,Calle,22 NE,Calle 99 entre Calle 20 NE y Calle 22 NE,443,Tulipan,"3,1","0,61"
Calle,99,Calle,22 NE,Calle,24 NE,Calle 99 entre Calle 22 NE y Calle 24 NE,432,Tulipan,3,"0,59"
Calle,99,Calle,24 NE,Calle,26 NE,Calle 99 entre Calle 24 NE y Calle 26 NE,432,Tulipan,3,"0,59"
Calle,99,Avenida,64,Avenida,66,Calle 99 entre Avenida 64 y Avenida 66,454,Buena Vista,"3,2","0,62"
Calle,99,Avenida,66,Avenida,68,Calle 99 entre Avenida 66 y Avenida 68,464,Buena Vista,"3,3","0,64"
Calle,99,Avenida,68,Avenida,70,Calle 99 entre Avenida 68 y Avenida 70,475,Buena Vista,"3,4","0,65"
Calle,99,Avenida,70,Avenida,72,Calle 99 entre Avenida 70 y Avenida 72,486,Buena Vista,"3,5","0,67"
Calle,99,Avenida,72,Avenida,74,Calle 99 entre Avenida 72 y Avenida 74,497,Buena Vista,"3,6","0,68"
Calle,99,Avenida,74,Avenida,76,Calle 99 entre Avenida 74 y Avenida 76,508,Buena Vista,"3,7","0,70"
Calle,99A,Avenida,74,Avenida,76,Calle 99A entre Avenida 74 y Avenida 76,518,Buena Vista,"3,8","0,71"
Calle,101,Calle,6 NE,Calle,10 NE,Calle 101 entre Calle 6 NE y Calle 10 NE,518,Tulipan,"3,8","0,71"
Calle,101,Calle,10 NE,Calle,12 NE,Calle 101 entre Calle 10 NE y Calle 12 NE,508,Tulipan,"3,7","0,70"
Calle,101,Calle,16 NE,Calle,18 NE,Calle 101 entre Calle 16 NE y Calle 18 NE,432,Tulipan,3,"0,59"
Calle,101,Avenida,64,Avenida,66,Calle 101 entre Avenida 64 y Avenida 66,464,Buena Vista,"3,3","0,64"
Calle,101,Avenida,66,Avenida,68,Calle 101 entre Avenida 66 y Avenida 68,475,Buena Vista,"3,4","0,65"
Calle,101,Avenida,68,Avenida,70,Calle 101 entre Avenida 68 y Avenida 70,486,Buena Vista,"3,5","0,67"
Calle,101,Avenida,72,Avenida,74,Calle 101 entre Avenida 72 y Avenida 74,508,Buena Vista,"3,7","0,70"
Calle,103,Calle,10 NE,Calle,12 NE,Calle 103 entre Calle 10 NE y Calle 12 NE,508,Tulipan,"3,7","0,70"
Calle,103,Calle,12 NE,Calle,14 NE,Calle 103 entre Calle 12 NE y Calle 14 NE,518,Tulipan,"3,8","0,71"
Calle,103,Avenida,64,Avenida,66,Calle 103 entre Avenida 64 y Avenida 66,518,Buena Vista,"3,8","0,71"
Calle,103,Avenida,66,Avenida,68,Calle 103 entre Avenida 66 y Avenida 68,529,Buena Vista,"3,9","0,72"
Calle,103,Avenida,68,Avenida,70,Calle 103 entre Avenida 68 y Avenida 70,540,Buena Vista,4,"0,74"
Calle,103,Avenida,70,Avenida,72,Calle 103 entre Avenida 70 y Avenida 72,551,Buena Vista,"4,1","0,75"
Calle,103,Avenida,72,Calle, CIRCUNVALACION,Calle 103 entre Avenida 72 y Calle  CIRCUNVALACION,562,Buena Vista,"4,2","0,77"
Calle,105,Calle,10 NE,Calle,12 NE,Calle 105 entre Calle 10 NE y Calle 12 NE,464,Tulipan,"3,3","0,64"
Calle,105,Calle,12 NE,Calle,16 NE,Calle 105 entre Calle 12 NE y Calle 16 NE,464,Tulipan,"3,3","0,64"
Calle,105,Avenida,64,Avenida,66,Calle 105 entre Avenida 64 y Avenida 66,529,Buena Vista,"3,9","0,72"
Calle,105,Avenida,66,Avenida,68,Calle 105 entre Avenida 66 y Avenida 68,540,Buena Vista,4,"0,74"
Calle,105,Avenida,68,Avenida,70,Calle 105 entre Avenida 68 y Avenida 70,551,Buena Vista,"4,1","0,75"
Calle,105,Avenida,70,Calle, CIRCUNVALACION,Calle 105 entre Avenida 70 y Calle  CIRCUNVALACION,562,Buena Vista,"4,2","0,77"
Calle,107,Calle,10 NE,Calle,12 NE,Calle 107 entre Calle 10 NE y Calle 12 NE,475,Tulipan,"3,4","0,65"
Calle,107,Calle,12 NE,Calle,16 NE,Calle 107 entre Calle 12 NE y Calle 16 NE,475,Tulipan,"3,4","0,65"
Calle,107,Avenida,64,Avenida,66,Calle 107 entre Avenida 64 y Avenida 66,540,Buena Vista,4,"0,74"
Calle,107,Avenida,66,Avenida,68,Calle 107 entre Avenida 66 y Avenida 68,551,Buena Vista,"4,1","0,75"
Calle,107,Avenida,68,Avenida,70,Calle 107 entre Avenida 68 y Avenida 70,562,Buena Vista,"4,2","0,77"
Calle,109,Calle,12 NE,Calle,16 NE,Calle 109 entre Calle 12 NE y Calle 16 NE,486,Tulipan,"3,5","0,67"
Calle,109,Calle,8 NE,Calle,10 NE,Calle 109 entre Calle 8 NE y Calle 10 NE,497,Tulipan,"3,6","0,68"
Calle,109,Avenida,64,Avenida,66,Calle 109 entre Avenida 64 y Avenida 66,551,Buena Vista,"4,1","0,75"
Calle,109,Avenida,66,Avenida,68,Calle 109 entre Avenida 66 y Avenida 68,562,Buena Vista,"4,2","0,77"
Calle,109,Avenida,68,Calle, CIRCUNVALACION,Calle 109 entre Avenida 68 y Calle  CIRCUNVALACION,572,Buena Vista,"4,3","0,78"
Calle,111,Calle,4 NE,Calle,6 NE,Calle 111 entre Calle 4 NE y Calle 6 NE,529,Tulipan,"3,9","0,72"
Calle,111,Calle,6 NE,Calle,8 NE,Calle 111 entre Calle 6 NE y Calle 8 NE,518,Tulipan,"3,8","0,71"
Calle,111,Calle,8 NE,Calle,10 NE,Calle 111 entre Calle 8 NE y Calle 10 NE,508,Tulipan,"3,7","0,70"
Calle,111,Calle,10 NE,Calle,119,Calle 111 entre Calle 10 NE y Calle 119,497,Tulipan,"3,6","0,68"
Calle,111,Avenida,64,Avenida,66,Calle 111 entre Avenida 64 y Avenida 66,562,Buena Vista,"4,2","0,77"
Calle,111,Avenida,66,Avenida,68,Calle 111 entre Avenida 66 y Avenida 68,572,Buena Vista,"4,3","0,78"
Calle,111,Avenida,68,Avenida,70,Calle 111 entre Avenida 68 y Avenida 70,583,Buena Vista,"4,4","0,80"
Calle,circunvalacion,Avenida,64,Calle,4 NE,Calle circunvalacion entre Avenida 64 y Calle 4 NE,583,Buena Vista,"4,4","0,80"
Calle,circunvalacion,Calle,4 NE,Calle,6 NE,Calle circunvalacion entre Calle 4 NE y Calle 6 NE,594,Tulipan,"4,5","0,81"
Calle,circunvalacion,Calle,6 NE,Calle,8 NE,Calle circunvalacion entre Calle 6 NE y Calle 8 NE,594,Tulipan,"4,5","0,81"
Calle,circunvalacion,Calle,8 NE,Calle,119,Calle circunvalacion entre Calle 8 NE y Calle 119,626,Tulipan,"4,8","0,86"
Calle,113,Avenida,64,Avenida,66,Calle 113 entre Avenida 64 y Avenida 66,637,Buena Vista,"4,9","0,87"
Calle,113,Avenida,66,Avenida,68,Calle 113 entre Avenida 66 y Avenida 68,648,Buena Vista,5,"0,89"
Calle,113,Calle,CIRCUNVALACION,Avenida,70,Calle 113 entre Calle CIRCUNVALACION y Avenida 70,659,Buena Vista,"5,1","0,90"
Calle,113,Avenida,70,Avenida,72,Calle 113 entre Avenida 70 y Avenida 72,670,Buena Vista,"5,2","0,92"
Calle,Circunvalacion,Avenida,64,Calle,2 NE,Calle Circunvalacion entre Avenida 64 y Calle 2 NE,572,Buena Vista,"4,3","0,78"
Calle,Circunvalacion,Avenida,64,Avenida,66,Calle Circunvalacion entre Avenida 64 y Avenida 66,648,Buena Vista,5,"0,89"
Calle,Circunvalacion,Avenida,66,Avenida,68,Calle Circunvalacion entre Avenida 66 y Avenida 68,659,Buena Vista,"5,1","0,90"
Calle,Circunvalacion,Avenida,68,Avenida,70,Calle Circunvalacion entre Avenida 68 y Avenida 70,670,Buena Vista,"5,2","0,92"
Calle,Circunvalacion,Calle,Rotonda,Avenida,78A,Calle Circunvalacion entre Calle Rotonda y Avenida 78A,540,Buena Vista,4,"0,74"
Calle,Circunvalacion,Avenida,72,Avenida,78A,Calle Circunvalacion entre Avenida 72 y Avenida 78A,518,Buena Vista,"3,8","0,71"
Calle,Circunvalacion,Avenida,74,Avenida,76,Calle Circunvalacion entre Avenida 74 y Avenida 76,680,Buena Vista,"5,3","0,93"
Calle,Circunvalacion,Avenida,74,Calle,103,Calle Circunvalacion entre Avenida 74 y Calle 103,670,Buena Vista,"5,2","0,92"
Calle,Circunvalacion,Calle,103,Calle,105,Calle Circunvalacion entre Calle 103 y Calle 105,648,Buena Vista,5,"0,89"
Calle,Circunvalacion,Calle,105,Calle,109,Calle Circunvalacion entre Calle 105 y Calle 109,659,Buena Vista,"5,1","0,90"
Calle,Circunvalacion,Calle,109,Calle,111,Calle Circunvalacion entre Calle 109 y Calle 111,691,Buena Vista,"5,4","0,95"
Calle,circunvalacion,Calle,111,Calle,113,Calle circunvalacion entre Calle 111 y Calle 113,680,Buena Vista,"5,3","0,93"
Calle,115,Avenida,64,Avenida,66,Calle 115 entre Avenida 64 y Avenida 66,637,Buena Vista,"4,9","0,87"
Calle,115,Avenida,66,Avenida,68,Calle 115 entre Avenida 66 y Avenida 68,648,Buena Vista,5,"0,89"
Calle,115,Avenida,68,Avenida,70,Calle 115 entre Avenida 68 y Avenida 70,659,Buena Vista,"5,1","0,90"
Calle,117,Avenida,64,Calle,2 NE,Calle 117 entre Avenida 64 y Calle 2 NE,648,Buena Vista,5,"0,89"
Calle,117,Calle,2 NE,Calle,4 NE,Calle 117 entre Calle 2 NE y Calle 4 NE,616,Buena Vista,"4,7","0,84"
Calle,117,Calle,4 NE,Calle,119,Calle 117 entre Calle 4 NE y Calle 119,616,Buena Vista,"4,7","0,84"
Calle,117,Avenida,64,Avenida,66,Calle 117 entre Avenida 64 y Avenida 66,648,Buena Vista,5,"0,89"
Calle,117,Avenida,66,Avenida,68,Calle 117 entre Avenida 66 y Avenida 68,659,Buena Vista,"5,1","0,90"
Calle,117,Avenida,68,Avenida,70,Calle 117 entre Avenida 68 y Avenida 70,670,Buena Vista,"5,2","0,92"
Calle,119,Calle,CIRCUNVALACION,Calle,10 NE,Calle 119 entre Calle CIRCUNVALACION y Calle 10 NE,562,Tulipan,"4,2","0,77"
Calle,119,Calle,10 NE,Calle,111,Calle 119 entre Calle 10 NE y Calle 111,551,Tulipan,"4,1","0,75"
Calle,119,Calle,111,Calle,12 NE,Calle 119 entre Calle 111 y Calle 12 NE,551,Tulipan,"4,1","0,75"
Calle,119,Avenida,64,Calle,2 NE,Calle 119 entre Avenida 64 y Calle 2 NE,626,Buena Vista,"4,8","0,86"
Calle,119,Calle,2 NE,Calle,4 NE,Calle 119 entre Calle 2 NE y Calle 4 NE,616,Buena Vista,"4,7","0,84"
Calle,119,Calle,4 NE,Calle,CIRCUNVALACION,Calle 119 entre Calle 4 NE y Calle CIRCUNVALACION,605,Buena Vista,"4,6","0,83"
Calle,119,Avenida,64,Avenida,66,Calle 119 entre Avenida 64 y Avenida 66,659,Buena Vista,"5,1","0,90"
Calle,119,Avenida,66,Avenida,68,Calle 119 entre Avenida 66 y Avenida 68,670,Buena Vista,"5,2","0,92"
Calle,121,Avenida,64,Avenida,66,Calle 121 entre Avenida 64 y Avenida 66,670,Buena Vista,"5,2","0,92"
Calle,121,Avenida,66,Avenida,68,Calle 121 entre Avenida 66 y Avenida 68,680,Buena Vista,"5,3","0,93"
Calle,121A,Avenida,64,Calle,2 NE,Calle 121A entre Avenida 64 y Calle 2 NE,691,Buena Vista,"5,4","0,95"
Calle,121,Avenida,74,Avenida,76,Calle 121 entre Avenida 74 y Avenida 76,821,La Esperanza,"6,6","1,12"
Calle,123,Avenida,64,Avenida,66,Calle 123 entre Avenida 64 y Avenida 66,713,La Esperanza,"5,6","0,98"
Calle,123,Avenida,66,Avenida,68,Calle 123 entre Avenida 66 y Avenida 68,724,La Esperanza,"5,7","0,99"
Calle,123,Avenida,68,Avenida,70,Calle 123 entre Avenida 68 y Avenida 70,734,La Esperanza,"5,8","1,01"
Calle,125,Avenida,64,Avenida,66,Calle 125 entre Avenida 64 y Avenida 66,724,La Esperanza,"5,7","0,99"
Calle,125,Avenida,66,Avenida,68,Calle 125 entre Avenida 66 y Avenida 68,734,La Esperanza,"5,8","1,01"
Calle,125,Avenida,68,Avenida,70,Calle 125 entre Avenida 68 y Avenida 70,745,La Esperanza,"5,9","1,02"
Calle,125,Avenida,74,Avenida,76,Calle 125 entre Avenida 74 y Avenida 76,810,La Esperanza,"6,5","1,11"
Calle,125,Avenida,76,Avenida,78,Calle 125 entre Avenida 76 y Avenida 78,810,La Esperanza,"6,5","1,11"
Calle,125A,Avenida,76,Calle,129,Calle 125A entre Avenida 76 y Calle 129,821,La Esperanza,"6,6","1,12"
Calle,127,Avenida,64,Avenida,66,Calle 127 entre Avenida 64 y Avenida 66,734,La Esperanza,"5,8","1,01"
Calle,127,Avenida,66,Avenida,68,Calle 127 entre Avenida 66 y Avenida 68,745,La Esperanza,"5,9","1,02"
Calle,127,Avenida,68,Avenida,70,Calle 127 entre Avenida 68 y Avenida 70,756,La Esperanza,6,"1,04"
Calle,127,Avenida,74,Avenida,76,Calle 127 entre Avenida 74 y Avenida 76,799,La Esperanza,"6,4","1,09"
Calle,129,Avenida,64,Avenida,66,Calle 129 entre Avenida 64 y Avenida 66,745,La Esperanza,"5,9","1,02"
Calle,129,Avenida,66,Avenida,68,Calle 129 entre Avenida 66 y Avenida 68,756,La Esperanza,6,"1,04"
Calle,129,Avenida,68,Avenida,70,Calle 129 entre Avenida 68 y Avenida 70,767,La Esperanza,"6,1","1,05"
Calle,129,Avenida,70,Avenida,74,Calle 129 entre Avenida 70 y Avenida 74,778,La Esperanza,"6,2","1,07"
Calle,129,Avenida,74,Avenida,76,Calle 129 entre Avenida 74 y Avenida 76,788,La Esperanza,"6,3","1,08"
Calle,129,Avenida,76,Calle,125A,Calle 129 entre Avenida 76 y Calle 125A,799,La Esperanza,"6,4","1,09"
Calle,129,Calle,125A,Calle,FINAL,Calle 129 entre Calle 125A y Calle FINAL,810,La Esperanza,"6,5","1,11"
Calle,131,Avenida,66,Avenida,68,Calle 131 entre Avenida 66 y Avenida 68,767,La Esperanza,"6,1","1,05"
Calle,131,Avenida,68,Avenida,70,Calle 131 entre Avenida 68 y Avenida 70,778,La Esperanza,"6,2","1,07"
Calle,133,Avenida,64,Avenida,66,Calle 133 entre Avenida 64 y Avenida 66,788,La Esperanza,"6,3","1,08"
Calle,133,Avenida,66,Avenida,68,Calle 133 entre Avenida 66 y Avenida 68,799,La Esperanza,"6,4","1,09"
Calle,133,Avenida,68,Avenida,70,Calle 133 entre Avenida 68 y Avenida 70,810,La Esperanza,"6,5","1,11"
Calle,finca ,Avenida,64,Calle,aeropuerto,Calle finca  entre Avenida 64 y Calle aeropuerto,864,Aeropuerto,7,"1,18"
Calle,G,Avenida,64,Calle,2,Calle G entre Avenida 64 y Calle 2,842,Caunao,"6,8","1,15"
Calle,G,Calle,2,Calle,3,Calle G entre Calle 2 y Calle 3,853,Caunao,"6,9","1,17"
Calle,G,Calle,3,Calle,4,Calle G entre Calle 3 y Calle 4,864,Caunao,7,"1,18"
Calle,G,Calle,4,Calle,5,Calle G entre Calle 4 y Calle 5,875,Caunao,"7,1","1,20"
Calle,G,Calle,5,Calle,6,Calle G entre Calle 5 y Calle 6,886,Caunao,"7,2","1,21"
Calle,G,Calle,6,Calle,8,Calle G entre Calle 6 y Calle 8,896,Caunao,"7,3","1,23"
Calle,G,Calle,8,Calle,9,Calle G entre Calle 8 y Calle 9,886,Caunao Sur,"7,2","1,21"
Calle,F,Avenida,64,Calle,Valle,Calle F entre Avenida 64 y Calle Valle,842,Caunao,"6,8","1,15"
Calle,F,Calle,Valle,Calle,2,Calle F entre Calle Valle y Calle 2,853,Caunao,"6,9","1,17"
Calle,F,Calle,2,Calle,3,Calle F entre Calle 2 y Calle 3,864,Caunao,7,"1,18"
Calle,F,Calle,3,Calle,4,Calle F entre Calle 3 y Calle 4,875,Caunao,"7,1","1,20"
Calle,F,Calle,4,Calle,5,Calle F entre Calle 4 y Calle 5,886,Caunao,"7,2","1,21"
Calle,F,Calle,5,Calle,6,Calle F entre Calle 5 y Calle 6,896,Caunao,"7,3","1,23"
Calle,F3,Calle,8,Calle,9,Calle F3 entre Calle 8 y Calle 9,886,Caunao Sur,"7,2","1,21"
Calle,F2,Calle,8,Calle,9,Calle F2 entre Calle 8 y Calle 9,896,Caunao Sur,"7,3","1,23"
Calle,F1,Calle,7,Calle,8,Calle F1 entre Calle 7 y Calle 8,907,Caunao Sur,"7,4","1,24"
Calle,F1,Calle,8,Calle,9,Calle F1 entre Calle 8 y Calle 9,896,Caunao Sur,"7,3","1,23"
Calle,F,Calle,7,Calle,8,Calle F entre Calle 7 y Calle 8,907,Caunao Sur,"7,4","1,24"
Calle,F,Calle,8,Calle,9,Calle F entre Calle 8 y Calle 9,907,Caunao Sur,"7,4","1,24"
Calle,E,Avenida,64,Calle,1,Calle E entre Avenida 64 y Calle 1,864,Caunao,7,"1,18"
Calle,E,Calle,1,Calle,Valle,Calle E entre Calle 1 y Calle Valle,864,Caunao,7,"1,18"
Calle,E,Calle,Valle,Calle,2,Calle E entre Calle Valle y Calle 2,864,Caunao,7,"1,18"
Calle,E,Calle,2,Calle,3,Calle E entre Calle 2 y Calle 3,875,Caunao,"7,1","1,20"
Calle,E,Calle,3,Calle,4,Calle E entre Calle 3 y Calle 4,886,Caunao,"7,2","1,21"
Calle,E,Calle,4,Calle,5,Calle E entre Calle 4 y Calle 5,896,Caunao,"7,3","1,23"
Calle,E1,Calle,7,Calle,8,Calle E1 entre Calle 7 y Calle 8,918,Caunao Sur,"7,5","1,26"
Calle,E1,Calle,8,Calle,9,Calle E1 entre Calle 8 y Calle 9,907,Caunao Sur,"7,4","1,24"
Calle,E,Calle,7,Calle,8,Calle E entre Calle 7 y Calle 8,918,Caunao Sur,"7,5","1,26"
Calle,E,Calle,8,Calle,9,Calle E entre Calle 8 y Calle 9,907,Caunao Sur,"7,4","1,24"
Calle,D,Avenida,64,Calle,1,Calle D entre Avenida 64 y Calle 1,875,Caunao,"7,1","1,20"
Calle,D,Calle,1,Calle,2,Calle D entre Calle 1 y Calle 2,886,Caunao,"7,2","1,21"
Calle,D,Calle,2,Calle,Valle,Calle D entre Calle 2 y Calle Valle,896,Caunao,"7,3","1,23"
Calle,D,Calle,Valle,Calle,3,Calle D entre Calle Valle y Calle 3,896,Caunao,"7,3","1,23"
Calle,D,Calle,3,Calle,4,Calle D entre Calle 3 y Calle 4,907,Caunao,"7,4","1,24"
Calle,D,Calle,4,Calle,5,Calle D entre Calle 4 y Calle 5,918,Caunao,"7,5","1,26"
Calle,D1,Calle,7,Calle,8,Calle D1 entre Calle 7 y Calle 8,929,Caunao Sur,"7,6","1,27"
Calle,D1,Calle,8,Calle,9,Calle D1 entre Calle 8 y Calle 9,929,Caunao Sur,"7,6","1,27"
Calle,D1,Calle,7,Calle,9,Calle D1 entre Calle 7 y Calle 9,940,Caunao Sur,"7,7","1,29"
Calle,C,Avenida,64,Calle,1,Calle C entre Avenida 64 y Calle 1,886,Caunao,"7,2","1,21"
Calle,C,Calle,1,Calle,2,Calle C entre Calle 1 y Calle 2,896,Caunao,"7,3","1,23"
Calle,C,Calle,2,Calle,3,Calle C entre Calle 2 y Calle 3,907,Caunao,"7,4","1,24"
Calle,C,Calle,3,Calle,4,Calle C entre Calle 3 y Calle 4,918,Caunao,"7,5","1,26"
Calle,C,Calle,4,Calle,5,Calle C entre Calle 4 y Calle 5,929,Caunao,"7,6","1,27"
Calle,B,Calle,64,Calle,1,Calle B entre Calle 64 y Calle 1,896,Caunao,"7,3","1,23"
Calle,B,Calle,1,Calle,2,Calle B entre Calle 1 y Calle 2,907,Caunao,"7,4","1,24"
Calle,B,Calle,2,Calle,3,Calle B entre Calle 2 y Calle 3,918,Caunao,"7,5","1,26"
Calle,B,Calle,3,Calle,4,Calle B entre Calle 3 y Calle 4,929,Caunao,"7,6","1,27"
Calle,B,Calle,4,Calle,5,Calle B entre Calle 4 y Calle 5,940,Caunao,"7,7","1,29"
Calle,A,Avenida,64,Calle,1,Calle A entre Avenida 64 y Calle 1,907,Caunao,"7,4","1,24"
Calle,A,Calle,1,Calle,2,Calle A entre Calle 1 y Calle 2,918,Caunao,"7,5","1,26"
Calle,A,Calle,2,Calle,Linea,Calle A entre Calle 2 y Calle Linea,918,Caunao,"7,5","1,26"
Calle,A,Calle,Linea,Calle,Final,Calle A entre Calle Linea y Calle Final,929,Caunao,"7,6","1,27"
Calle,Central,Avenida,64,Calle,Linea,Calle Central entre Avenida 64 y Calle Linea,918,Caunao,"7,5","1,26"
Calle,Central,Calle,Linea,Calle,2,Calle Central entre Calle Linea y Calle 2,929,Caunao,"7,6","1,27"
Calle,Central,Calle,2,Calle,3,Calle Central entre Calle 2 y Calle 3,940,Caunao,"7,7","1,29"
Calle,Oeste,Avenida,64,Calle,Real,Calle Oeste entre Avenida 64 y Calle Real,918,Caunao,"7,5","1,26"
Calle,Callejon,Calle,Real,Calle,Primaria Jose Marti,Calle Callejon entre Calle Real y Calle Primaria Jose Marti,929,Caunao,"7,6","1,27"
Calle,Baez,Avenida,64,Calle,1,Calle Baez entre Avenida 64 y Calle 1,929,Caunao,"7,6","1,27"
Calle,Baez,Calle,1,Calle,2,Calle Baez entre Calle 1 y Calle 2,940,Caunao,"7,7","1,29"
Calle,Baez,Calle,2,Calle,3,Calle Baez entre Calle 2 y Calle 3,950,Caunao,"7,8","1,30"
Calle,Pozo,Avenida,64,Calle,1,Calle Pozo entre Avenida 64 y Calle 1,940,Caunao,"7,7","1,29"
Calle,Pozo,Calle,1,Calle,2,Calle Pozo entre Calle 1 y Calle 2,950,Caunao,"7,8","1,30"
Calle,Pozo,Calle,2,Calle,Final,Calle Pozo entre Calle 2 y Calle Final,961,Caunao,"7,9","1,32"
Calle,13,Calle,9,Calle,Miramonte,Calle 13 entre Calle 9 y Calle Miramonte,972,Caunao,8,"1,33"
Calle,Matadero,Avenida,64,Calle,Real,Calle Matadero entre Avenida 64 y Calle Real,940,Caunao,"7,7","1,29"
Calle,Matadero,Calle,Real,Calle,Final,Calle Matadero entre Calle Real y Calle Final,972,Caunao,8,"1,33"
Calle,Campo,Calle,Palma,Calle,Sur,Calle Campo entre Calle Palma y Calle Sur,1004,Caunao,"8,3","1,38"
Calle,Campo,Calle,Sur ,Calle,Miramonte,Calle Campo entre Calle Sur  y Calle Miramonte,1015,Caunao,"8,4","1,39"
Calle,Medio,Calle,Medio,Calle,Sur,Calle Medio entre Calle Medio y Calle Sur,1026,Caunao,"8,5","1,41"
Calle,Alegria,Calle,Union,Calle,Final,Calle Alegria entre Calle Union y Calle Final,1015,Caunao,"8,4","1,39"
Calle,Alegria,Calle,Union,Calle,Real,Calle Alegria entre Calle Union y Calle Real,972,Caunao,8,"1,33"
Calle,Alegria,Calle,Real,Avenida,64,Calle Alegria entre Calle Real y Avenida 64,950,Caunao,"7,8","1,30"
Calle,Alegria,Calle,64,Calle,Ciruela,Calle Alegria entre Calle 64 y Calle Ciruela,961,Caunao,"7,9","1,32"
Calle,Alegria,Calle,Ciruela,Calle,San Joaquin,Calle Alegria entre Calle Ciruela y Calle San Joaquin,972,Caunao,8,"1,33"
Calle,Alegria,Calle,San Joaquin,Calle,Palma,Calle Alegria entre Calle San Joaquin y Calle Palma,983,Caunao,"8,1","1,35"
Calle,Alegria,Calle,Palma,Calle,Sur,Calle Alegria entre Calle Palma y Calle Sur,994,Caunao,"8,2","1,36"
Calle,Villalobos,Calle,San Miguel,Calle,Real,Calle Villalobos entre Calle San Miguel y Calle Real,961,Caunao,"7,9","1,32"
Calle,Villalobos,Calle,Real,Avenida,64,Calle Villalobos entre Calle Real y Avenida 64,961,Caunao,"7,9","1,32"
Calle,Real,Calle,Carretera caunao Palmira,Calle,Sabana,Calle Real entre Calle Carretera caunao Palmira y Calle Sabana,1048,Caunao,"8,7","1,44"
Calle,Union,Calle,Alegria,Calle,Real,Calle Union entre Calle Alegria y Calle Real,972,Caunao,8,"1,33"
Calle,San jose,Avenida,64,Calle,San Joaquin,Calle San jose entre Avenida 64 y Calle San Joaquin,972,Caunao,8,"1,33"
Calle,San jose,Calle,San Joaquin,Calle,Palma,Calle San jose entre Calle San Joaquin y Calle Palma,983,Caunao,"8,1","1,35"
Calle,San jose,Calle,Palma,Calle,Sur,Calle San jose entre Calle Palma y Calle Sur,994,Caunao,"8,2","1,36"
Calle,San jose,Calle,Sur ,Calle,Miramonte,Calle San jose entre Calle Sur  y Calle Miramonte,1015,Caunao,"8,4","1,39"
Calle,Colon,Avenida,64,Calle,San Joaquin,Calle Colon entre Avenida 64 y Calle San Joaquin,983,Caunao,"8,1","1,35"
Calle,Colon,Calle,San Joaquin,Calle,Palma,Calle Colon entre Calle San Joaquin y Calle Palma,994,Caunao,"8,2","1,36"
Calle,Colon,Calle,Palma,Calle,Final,Calle Colon entre Calle Palma y Calle Final,1004,Caunao,"8,3","1,38"
Calle,Castillo,Avenida,64,Avenida,66,Calle Castillo entre Avenida 64 y Avenida 66,994,Caunao,"8,2","1,36"
Calle,Castillo,Avenida,64,Calle,San Joaquin,Calle Castillo entre Avenida 64 y Calle San Joaquin,994,Caunao,"8,2","1,36"
Calle,Castillo,Calle,San Joaquin,Calle,Palma,Calle Castillo entre Calle San Joaquin y Calle Palma,1004,Caunao,"8,3","1,38"
Calle,Este,Avenida,64,Avenida,66,Calle Este entre Avenida 64 y Avenida 66,1004,Caunao,"8,3","1,38"
Calle,Este,Avenida,64,Calle,San Joaquin,Calle Este entre Avenida 64 y Calle San Joaquin,1004,Caunao,"8,3","1,38"
Calle,Este,Calle,San Joaquin,Calle,Palma,Calle Este entre Calle San Joaquin y Calle Palma,1015,Caunao,"8,4","1,39"
Calle,Este,Calle,Palma,Calle,9,Calle Este entre Calle Palma y Calle 9,1026,Caunao,"8,5","1,41"
Calle,Este,Calle,9,Calle,Final,Calle Este entre Calle 9 y Calle Final,1026,Caunao,"8,5","1,41"
Calle,Este,Calle,13,Calle,Progreso 1,Calle Este entre Calle 13 y Calle Progreso 1,1026,Caunao,"8,5","1,41"
Calle,2da,Calle,A,Calle,B,Calle 2da entre Calle A y Calle B,756,Oburque,6,"1,04"
Calle,2da,Calle,B,Calle,C,Calle 2da entre Calle B y Calle C,756,Oburque,6,"1,04"
Calle,3ra,Calle,A,Calle,B,Calle 3ra entre Calle A y Calle B,734,Oburque,"5,8","1,01"
Calle,3ra,Calle,B,Calle,C,Calle 3ra entre Calle B y Calle C,734,Oburque,"5,8","1,01"
Calle,4ta,Calle,A,Calle,B,Calle 4ta entre Calle A y Calle B,724,Oburque,"5,7","0,99"
Calle,4ta,Calle,B,Calle,C,Calle 4ta entre Calle B y Calle C,724,Oburque,"5,7","0,99"
Calle,5ta,Calle,A,Calle,B,Calle 5ta entre Calle A y Calle B,713,Oburque,"5,6","0,98"
Calle,5ta,Calle,B,Calle,C,Calle 5ta entre Calle B y Calle C,713,Oburque,"5,6","0,98"
Calle,5ta,Calle,C,Calle,Final,Calle 5ta entre Calle C y Calle Final,713,Oburque,"5,6","0,98"
Calle,6ta,Calle,A,Calle,B,Calle 6ta entre Calle A y Calle B,713,Oburque,"5,6","0,98"
Calle,6ta,Calle,B,Calle,C,Calle 6ta entre Calle B y Calle C,713,Oburque,"5,6","0,98"
Calle,6ta,Calle,C,Calle,Final,Calle 6ta entre Calle C y Calle Final,724,Oburque,"5,7","0,99"
Calle,7ma,Calle,A,Calle,B,Calle 7ma entre Calle A y Calle B,702,Oburque,"5,5","0,96"
Calle,7ma,Calle,B,Calle,C,Calle 7ma entre Calle B y Calle C,702,Oburque,"5,5","0,96"
Calle,7ma,Calle,C,Calle,Carretera del puerto,Calle 7ma entre Calle C y Calle Carretera del puerto,713,Oburque,"5,6","0,98"
Calle,8va,Calle,A,Calle,B,Calle 8va entre Calle A y Calle B,691,Oburque,"5,4","0,95"
Calle,8va,Calle,B,Calle,C,Calle 8va entre Calle B y Calle C,691,Oburque,"5,4","0,95"
Calle,9na,Calle,A,Calle,B,Calle 9na entre Calle A y Calle B,680,Oburque,"5,3","0,93"
Calle,10ma,Calle,A,Calle,B,Calle 10ma entre Calle A y Calle B,670,Oburque,"5,2","0,92"
Calle,Termoelectrica,Calle,Carretera de oburque,Calle,oburque,Calle Termoelectrica entre Calle Carretera de oburque y Calle oburque,648,Oburque,5,"0,89"
Calle,Rancho Luna,Calle,Rancho Luna,Calle,Rancho Luna,Calle Rancho Luna entre Calle Rancho Luna y Calle Rancho Luna,2500,Rancho Luna,-,"3,42"
Calle,Palmira,Calle,Palmira,Calle,Palmira,Calle Palmira entre Calle Palmira y Calle Palmira,2500,Palmira,-,"3,42"
Calle,Paraiso,Calle,Paraiso,Calle,Paraiso,Calle Paraiso entre Calle Paraiso y Calle Paraiso,918,Paraiso,"7,5","1,26"
Calle,Petrocasas,Calle,Vial,Calle,Vial,Calle Petrocasas entre Calle Vial y Calle Vial,918,Petrocasas,"7,5","1,26"
Calle,Unidad Militar Cantarrana somaton,Calle,Unidad Militar Cantarrana somaton ,Calle,Unidad Militar Cantarrana somaton,Calle Unidad Militar Cantarrana somaton entre Calle Unidad Militar Cantarrana somaton  y Calle Unidad Militar Cantarrana somaton,1015,Cantarrana,"8,4","1,39"
Calle,B,Calle,final,Calle,2da ,Calle B entre Calle final y Calle 2da ,756,Oburque,6,"1,04"
Calle,B,Calle,2da,Calle,3ra,Calle B entre Calle 2da y Calle 3ra,745,Oburque,"5,9","1,02"
Calle,B,Calle,3ra,Calle,4ta,Calle B entre Calle 3ra y Calle 4ta,724,Oburque,"5,7","0,99"
Calle,B,Calle,4ta,Calle,5ta,Calle B entre Calle 4ta y Calle 5ta,724,Oburque,"5,7","0,99"
Calle,B,Calle,5ta,Calle,6ta,Calle B entre Calle 5ta y Calle 6ta,713,Oburque,"5,6","0,98"
Calle,B,Calle,6ta,Calle,7ma,Calle B entre Calle 6ta y Calle 7ma,702,Oburque,"5,5","0,96"
Calle,B,Calle,7ma,Calle,8va,Calle B entre Calle 7ma y Calle 8va,691,Oburque,"5,4","0,95"
Calle,B,Calle,8va,Calle,9na,Calle B entre Calle 8va y Calle 9na,680,Oburque,"5,3","0,93"
Calle,B,Calle,9na,Calle,10ma,Calle B entre Calle 9na y Calle 10ma,670,Oburque,"5,2","0,92"
Calle,C,Calle,2da,Calle,3ra,Calle C entre Calle 2da y Calle 3ra,756,Oburque,6,"1,04"
Calle,C,Calle,3ra,Calle,4ta,Calle C entre Calle 3ra y Calle 4ta,745,Oburque,"5,9","1,02"
Calle,C,Calle,4ta,Calle,5ta,Calle C entre Calle 4ta y Calle 5ta,734,Oburque,"5,8","1,01"
Calle,C,Calle,5ta,Calle,6ta,Calle C entre Calle 5ta y Calle 6ta,745,Oburque,"5,9","1,02"
Calle,C,Calle,6ta,Calle,7ma,Calle C entre Calle 6ta y Calle 7ma,713,Oburque,"5,6","0,98"
Calle,C,Calle,7ma,Calle,8va,Calle C entre Calle 7ma y Calle 8va,702,Oburque,"5,5","0,96"
Calle,Almacenes del miedo,Calle,Alm del miedo,Calle,Alm del miedo,Calle Almacenes del miedo entre Calle Alm del miedo y Calle Alm del miedo,540,alm miedo,4,"0,74"
Avenida,0,Calle,33,Calle,37,Avenida 0 entre Calle 33 y Calle 37,443,Punta Gorda,"3,1","0,61"
Avenida,2,Calle,33,Calle,35,Avenida 2 entre Calle 33 y Calle 35,432,Punta Gorda,3,"0,59"
Avenida,2,Calle,35,Calle,37,Avenida 2 entre Calle 35 y Calle 37,421,Punta Gorda,"2,9","0,58"
Avenida,4,Calle,33,Calle,35,Avenida 4 entre Calle 33 y Calle 35,421,Punta Gorda,"2,9","0,58"
Avenida,4,Calle,35,Calle,37,Avenida 4 entre Calle 35 y Calle 37,410,Punta Gorda,"2,8","0,56"
Avenida,6,Calle,33,Calle,35,Avenida 6 entre Calle 33 y Calle 35,410,Punta Gorda,"2,8","0,56"
Avenida,6,Calle,35,Calle,37,Avenida 6 entre Calle 35 y Calle 37,400,Punta Gorda,"2,7","0,55"
Avenida,6,Calle,37,Calle,39,Avenida 6 entre Calle 37 y Calle 39,400,Punta Gorda,"2,7","0,55"
Avenida,8,Calle,35,Calle,37,Avenida 8 entre Calle 35 y Calle 37,389,Punta Gorda,"2,6","0,53"
Avenida,8,Calle,37,Calle,39,Avenida 8 entre Calle 37 y Calle 39,378,Punta Gorda,"2,5","0,52"
Avenida,8,Calle,39,Calle,41,Avenida 8 entre Calle 39 y Calle 41,367,Punta Gorda,"2,4","0,50"
Avenida,10,Calle,37,Calle,39,Avenida 10 entre Calle 37 y Calle 39,367,Punta Gorda,"2,4","0,50"
Avenida,10,Calle,39,Calle,41,Avenida 10 entre Calle 39 y Calle 41,356,Punta Gorda,"2,3","0,49"
Avenida,10,Calle,41,Calle,43,Avenida 10 entre Calle 41 y Calle 43,356,Punta Gorda,"2,3","0,49"
Avenida,10,Calle,51,Calle,53,Avenida 10 entre Calle 51 y Calle 53,313,Punta Gorda,"1,9","0,43"
Avenida,10,Calle,53,Calle,55,Avenida 10 entre Calle 53 y Calle 55,324,Punta Gorda,2,"0,44"
Avenida,10,Calle,55,Calle,57,Avenida 10 entre Calle 55 y Calle 57,335,Punta Gorda,"2,1","0,46"
Avenida,12,Calle,51,Calle,53,Avenida 12 entre Calle 51 y Calle 53,302,Punta Gorda,"1,8","0,41"
Avenida,12,Calle,53,Calle,55,Avenida 12 entre Calle 53 y Calle 55,313,Punta Gorda,"1,9","0,43"
Avenida,12,Calle,55,Calle,57,Avenida 12 entre Calle 55 y Calle 57,324,Punta Gorda,2,"0,44"
Avenida,12,Calle,35,Calle,37,Avenida 12 entre Calle 35 y Calle 37,367,Punta Gorda,"2,4","0,50"
Avenida,12,Calle,37,Calle,39,Avenida 12 entre Calle 37 y Calle 39,356,Punta Gorda,"2,3","0,49"
Avenida,12,Calle,39,Calle,41,Avenida 12 entre Calle 39 y Calle 41,356,Punta Gorda,"2,3","0,49"
Avenida,12,Calle,41,Calle,43,Avenida 12 entre Calle 41 y Calle 43,346,Punta Gorda,"2,2","0,47"
Avenida,14,Calle,51,Calle,53,Avenida 14 entre Calle 51 y Calle 53,292,Punta Gorda,"1,7","0,40"
Avenida,14,Calle,53,Calle,55,Avenida 14 entre Calle 53 y Calle 55,302,Punta Gorda,"1,8","0,41"
Avenida,14,Calle,55,Calle,57,Avenida 14 entre Calle 55 y Calle 57,313,Punta Gorda,"1,9","0,43"
Avenida,14,Calle,35,Calle,37,Avenida 14 entre Calle 35 y Calle 37,356,Punta Gorda,"2,3","0,49"
Avenida,14,Calle,37,Calle,39,Avenida 14 entre Calle 37 y Calle 39,346,Punta Gorda,"2,2","0,47"
Avenida,14,Calle,39,Calle,41,Avenida 14 entre Calle 39 y Calle 41,335,Punta Gorda,"2,1","0,46"
Avenida,14,Calle,41,Calle,43,Avenida 14 entre Calle 41 y Calle 43,324,Punta Gorda,2,"0,44"
Avenida,14,Calle,43,Calle,45,Avenida 14 entre Calle 43 y Calle 45,324,Punta Gorda,2,"0,44"
Avenida,16,Calle,35,Calle,37,Avenida 16 entre Calle 35 y Calle 37,346,Punta Gorda,"2,2","0,47"
Avenida,16,Calle,37,Calle,39,Avenida 16 entre Calle 37 y Calle 39,335,Punta Gorda,"2,1","0,46"
Avenida,16,Calle,39,Calle,41,Avenida 16 entre Calle 39 y Calle 41,324,Punta Gorda,2,"0,44"
Avenida,16,Calle,41,Calle,43,Avenida 16 entre Calle 41 y Calle 43,313,Punta Gorda,"1,9","0,43"
Avenida,16,Calle,43,Calle,45,Avenida 16 entre Calle 43 y Calle 45,313,Punta Gorda,"1,9","0,43"
Avenida,16,Calle,45,Calle,51,Avenida 16 entre Calle 45 y Calle 51,324,Punta Gorda,2,"0,44"
Avenida,16,Calle,47,Calle,49,Avenida 16 entre Calle 47 y Calle 49,324,Punta Gorda,2,"0,44"
Avenida,16,Calle,51,Calle,53,Avenida 16 entre Calle 51 y Calle 53,281,Punta Gorda,"1,6","0,38"
Avenida,16,Calle,53,Calle,55,Avenida 16 entre Calle 53 y Calle 55,281,Punta Gorda,"1,6","0,38"
Avenida,16,Calle,55,Calle,61,Avenida 16 entre Calle 55 y Calle 61,281,Punta Gorda,"1,6","0,38"
Avenida,16,Calle,61,Calle,63,Avenida 16 entre Calle 61 y Calle 63,292,Punta Gorda,"1,7","0,40"
Avenida,16,Calle,63,Calle,65,Avenida 16 entre Calle 63 y Calle 65,302,Punta Gorda,"1,8","0,41"
Avenida,16,Calle,65,Calle,67,Avenida 16 entre Calle 65 y Calle 67,313,Punta Gorda,"1,9","0,43"
Avenida,16A,Calle,55,Calle,57,Avenida 16A entre Calle 55 y Calle 57,259,Punta Gorda,"1,4","0,36"
Avenida,18,Calle,35,Calle,37,Avenida 18 entre Calle 35 y Calle 37,346,Punta Gorda,"2,2","0,47"
Avenida,18,Calle,37,Calle,39,Avenida 18 entre Calle 37 y Calle 39,335,Punta Gorda,"2,1","0,46"
Avenida,18,Calle,39,Calle,41,Avenida 18 entre Calle 39 y Calle 41,324,Punta Gorda,2,"0,44"
Avenida,18,Calle,41,Calle,43,Avenida 18 entre Calle 41 y Calle 43,313,Punta Gorda,"1,9","0,43"
Avenida,18,Calle,43,Calle,45,Avenida 18 entre Calle 43 y Calle 45,302,Punta Gorda,"1,8","0,41"
Avenida,18,Calle,53,Calle,55,Avenida 18 entre Calle 53 y Calle 55,248,Punta Gorda,"1,3","0,34"
Avenida,18,Calle,55,Calle,61,Avenida 18 entre Calle 55 y Calle 61,259,Punta Gorda,"1,4","0,36"
Avenida,18,Calle,61,Calle,65,Avenida 18 entre Calle 61 y Calle 65,281,Punta Gorda,"1,6","0,38"
Avenida,18A,Calle,55,Calle,59,Avenida 18A entre Calle 55 y Calle 59,248,Punta Gorda,"1,3","0,34"
Avenida,18A,Calle,59,Calle,61,Avenida 18A entre Calle 59 y Calle 61,270,Punta Gorda,"1,5","0,37"
Avenida,20,Calle,35,Calle,37,Avenida 20 entre Calle 35 y Calle 37,324,Punta Gorda,2,"0,44"
Avenida,20,Calle,37,Calle,39,Avenida 20 entre Calle 37 y Calle 39,313,Punta Gorda,"1,9","0,43"
Avenida,20,Calle,39,Calle,41,Avenida 20 entre Calle 39 y Calle 41,302,Punta Gorda,"1,8","0,41"
Avenida,20,Calle,41,Calle,43,Avenida 20 entre Calle 41 y Calle 43,292,Punta Gorda,"1,7","0,40"
Avenida,20,Calle,43,Calle,45,Avenida 20 entre Calle 43 y Calle 45,281,Punta Gorda,"1,6","0,38"
Avenida,20,Calle,45,Calle,51A,Avenida 20 entre Calle 45 y Calle 51A,270,Punta Gorda,"1,5","0,37"
Avenida,20,Calle,57,Calle,61,Avenida 20 entre Calle 57 y Calle 61,248,Punta Gorda,"1,3","0,34"
Avenida,20,Calle,61,Calle,63,Avenida 20 entre Calle 61 y Calle 63,259,Punta Gorda,"1,4","0,36"
Avenida,20,Calle,63,Calle,65,Avenida 20 entre Calle 63 y Calle 65,270,Punta Gorda,"1,5","0,37"
Avenida,20A,Calle,57,Calle,57A,Avenida 20A entre Calle 57 y Calle 57A,238,Punta Gorda,"1,2","0,33"
Avenida,20A,Calle,57A,Calle,59,Avenida 20A entre Calle 57A y Calle 59,238,Punta Gorda,"1,2","0,33"
Avenida,20A,Calle,59,Calle,59A,Avenida 20A entre Calle 59 y Calle 59A,248,Punta Gorda,"1,3","0,34"
Avenida,20A,Calle,59A,Calle,61,Avenida 20A entre Calle 59A y Calle 61,259,Punta Gorda,"1,4","0,36"
Avenida,20A,Calle,61,Calle,63,Avenida 20A entre Calle 61 y Calle 63,270,Punta Gorda,"1,5","0,37"
Avenida,22,Calle,35,Calle,37,Avenida 22 entre Calle 35 y Calle 37,324,Punta Gorda,2,"0,44"
Avenida,22,Calle,37,Calle,39,Avenida 22 entre Calle 37 y Calle 39,313,Punta Gorda,"1,9","0,43"
Avenida,22,Calle,39,Calle,41,Avenida 22 entre Calle 39 y Calle 41,302,Punta Gorda,"1,8","0,41"
Avenida,22,Calle,41,Calle,43,Avenida 22 entre Calle 41 y Calle 43,292,Punta Gorda,"1,7","0,40"
Avenida,22,Calle,43,Calle,45,Avenida 22 entre Calle 43 y Calle 45,281,Punta Gorda,"1,6","0,38"
Avenida,22,Calle,57,Calle,57A,Avenida 22 entre Calle 57 y Calle 57A,227,Punta Gorda,"1,1","0,31"
Avenida,22,Calle,57A,Calle,59,Avenida 22 entre Calle 57A y Calle 59,227,Punta Gorda,"1,1","0,31"
Avenida,22,Calle,59,Calle,59A,Avenida 22 entre Calle 59 y Calle 59A,238,Punta Gorda,"1,2","0,33"
Avenida,22,Calle,59A,Calle,61,Avenida 22 entre Calle 59A y Calle 61,248,Punta Gorda,"1,3","0,34"
Avenida,22,Calle,61,Calle,63,Avenida 22 entre Calle 61 y Calle 63,259,Punta Gorda,"1,4","0,36"
Avenida,22,Calle,63,Calle,65,Avenida 22 entre Calle 63 y Calle 65,270,Punta Gorda,"1,5","0,37"
Avenida,24,Calle,41,Calle,43,Avenida 24 entre Calle 41 y Calle 43,281,Punta Gorda,"1,6","0,38"
Avenida,24,Calle,43,Calle,45,Avenida 24 entre Calle 43 y Calle 45,270,Punta Gorda,"1,5","0,37"
Avenida,24,Calle,45,Calle,47,Avenida 24 entre Calle 45 y Calle 47,270,Punta Gorda,"1,5","0,37"
Avenida,24,Calle,47,Calle,51A,Avenida 24 entre Calle 47 y Calle 51A,238,Punta Gorda,"1,2","0,33"
Avenida,24,Calle,51A,Calle,53,Avenida 24 entre Calle 51A y Calle 53,238,Punta Gorda,"1,2","0,33"
Avenida,24,Calle,53,Calle,57,Avenida 24 entre Calle 53 y Calle 57,227,Punta Gorda,"1,1","0,31"
Avenida,24,Calle,57,Calle,59,Avenida 24 entre Calle 57 y Calle 59,227,Punta Gorda,"1,1","0,31"
Avenida,24,Calle,59,Calle,61,Avenida 24 entre Calle 59 y Calle 61,238,Punta Gorda,"1,2","0,33"
Avenida,24A,Calle,53,Calle,57,Avenida 24A entre Calle 53 y Calle 57,216,Punta Gorda,1,"0,30"
Avenida,26,Calle,37,Calle,39,Avenida 26 entre Calle 37 y Calle 39,292,Punta Gorda,"1,7","0,40"
Avenida,26,Calle,39,Calle,41,Avenida 26 entre Calle 39 y Calle 41,281,Punta Gorda,"1,6","0,38"
Avenida,26,Calle,41,Calle,43,Avenida 26 entre Calle 41 y Calle 43,270,Punta Gorda,"1,5","0,37"
Avenida,26,Calle,43,Calle,45,Avenida 26 entre Calle 43 y Calle 45,259,Punta Gorda,"1,4","0,36"
Avenida,26,Calle,45,Calle,47,Avenida 26 entre Calle 45 y Calle 47,248,Punta Gorda,"1,3","0,34"
Avenida,26,Calle,47,Calle,49,Avenida 26 entre Calle 47 y Calle 49,238,Punta Gorda,"1,2","0,33"
Avenida,26,Calle,49,Calle,51A,Avenida 26 entre Calle 49 y Calle 51A,227,Punta Gorda,"1,1","0,31"
Avenida,26,Calle,51A,Calle,53,Avenida 26 entre Calle 51A y Calle 53,227,Punta Gorda,"1,1","0,31"
Avenida,26,Calle,53,Calle,57,Avenida 26 entre Calle 53 y Calle 57,216,Punta Gorda,1,"0,30"
Avenida,26,Calle,57,Calle,59,Avenida 26 entre Calle 57 y Calle 59,216,Punta Gorda,1,"0,30"
Avenida,26,Calle,59,Calle,61,Avenida 26 entre Calle 59 y Calle 61,227,Punta Gorda,"1,1","0,31"
Avenida,26,Calle,61,Calle,63,Avenida 26 entre Calle 61 y Calle 63,238,Punta Gorda,"1,2","0,33"
Avenida,CALLE ANCHA,Calle,CALLE ANCHA,Calle,CALLE ANCHA,Avenida CALLE ANCHA entre Calle CALLE ANCHA y Calle CALLE ANCHA,270,Punta Gorda,"1,5","0,37"
Avenida,28,Calle,43,Calle,45,Avenida 28 entre Calle 43 y Calle 45,248,Casco Historico,"1,3","0,34"
Avenida,28,Calle,45,Calle,47,Avenida 28 entre Calle 45 y Calle 47,238,Casco Historico,"1,2","0,33"
Avenida,28,Calle,47,Calle,49,Avenida 28 entre Calle 47 y Calle 49,227,Casco Historico,"1,1","0,31"
Avenida,28,Calle,49,Calle,51A,Avenida 28 entre Calle 49 y Calle 51A,216,Casco Historico,1,"0,30"
Avenida,28,Calle,51A,Calle,57,Avenida 28 entre Calle 51A y Calle 57,216,Casco Historico,"0,8","0,30"
Avenida,28,Calle,57,Calle,59,Avenida 28 entre Calle 57 y Calle 59,216,Casco Historico,"0,8","0,30"
Avenida,28,Calle,59,Calle,61,Avenida 28 entre Calle 59 y Calle 61,216,Casco Historico,1,"0,30"
Avenida,28,Calle,61,Calle,63,Avenida 28 entre Calle 61 y Calle 63,227,Casco Historico,"1,1","0,31"
Avenida,28A,Calle,79,Calle,81,Avenida 28A entre Calle 79 y Calle 81,324,Junco Sur,2,"0,44"
Avenida,30,Calle,43,Calle,45,Avenida 30 entre Calle 43 y Calle 45,238,Casco Historico,"1,2","0,33"
Avenida,30,Calle,45,Calle,47,Avenida 30 entre Calle 45 y Calle 47,227,Casco Historico,"1,1","0,31"
Avenida,30,Calle,47,Calle,49,Avenida 30 entre Calle 47 y Calle 49,216,Casco Historico,1,"0,30"
Avenida,30,Calle,49,Calle,51A,Avenida 30 entre Calle 49 y Calle 51A,216,Casco Historico,"0,9","0,30"
Avenida,30,Calle,57,Calle,59,Avenida 30 entre Calle 57 y Calle 59,216,Reparto de los Medicos,"0,7","0,30"
Avenida,30,Calle,59,Calle,61,Avenida 30 entre Calle 59 y Calle 61,216,Reparto de los Medicos,"0,8","0,30"
Avenida,30,Calle,61,Calle,63,Avenida 30 entre Calle 61 y Calle 63,216,Reparto de los Medicos,"0,9","0,30"
Avenida,30,Calle,79,Calle,81,Avenida 30 entre Calle 79 y Calle 81,346,Junco Sur,"2,2","0,47"
Avenida,30,Calle,81,Calle,83,Avenida 30 entre Calle 81 y Calle 83,356,Junco Sur,"2,3","0,49"
Avenida,30,Calle,83,Calle,87,Avenida 30 entre Calle 83 y Calle 87,378,Junco Sur,"2,5","0,52"
Avenida,30,Calle,87,Calle,89,Avenida 30 entre Calle 87 y Calle 89,389,Junco Sur,"2,6","0,53"
Avenida,32,Calle,37,Calle,39,Avenida 32 entre Calle 37 y Calle 39,259,Casco Historico,"1,4","0,36"
Avenida,32,Calle,39,Calle,41,Avenida 32 entre Calle 39 y Calle 41,248,Casco Historico,"1,3","0,34"
Avenida,32,Calle,41,Calle,43,Avenida 32 entre Calle 41 y Calle 43,238,Casco Historico,"1,2","0,33"
Avenida,32,Calle,43,Calle,45,Avenida 32 entre Calle 43 y Calle 45,227,Casco Historico,"1,1","0,31"
Avenida,32,Calle,45,Calle,47,Avenida 32 entre Calle 45 y Calle 47,216,Casco Historico,1,"0,30"
Avenida,32,Calle,47,Calle,49,Avenida 32 entre Calle 47 y Calle 49,216,Casco Historico,"0,9","0,30"
Avenida,32,Calle,49,Calle,51A,Avenida 32 entre Calle 49 y Calle 51A,216,Casco Historico,"0,8","0,30"
Avenida,32,Calle,57,Calle,59,Avenida 32 entre Calle 57 y Calle 59,216,Reparto de los Medicos,"0,7","0,30"
Avenida,32,Calle,59,Calle,61,Avenida 32 entre Calle 59 y Calle 61,216,Reparto de los Medicos,"0,8","0,30"
Avenida,32,Calle,75,Calle,77,Avenida 32 entre Calle 75 y Calle 77,270,Junco Sur,"1,5","0,37"
Avenida,32,Calle,77,Calle,79,Avenida 32 entre Calle 77 y Calle 79,324,Junco Sur,2,"0,44"
Avenida,32,Calle,79,Calle,81,Avenida 32 entre Calle 79 y Calle 81,324,Junco Sur,2,"0,44"
Avenida,32,Calle,81,Calle,83,Avenida 32 entre Calle 81 y Calle 83,335,Junco Sur,"2,1","0,46"
Avenida,32,Calle,83,Calle,85,Avenida 32 entre Calle 83 y Calle 85,335,Junco Sur,"2,1","0,46"
Avenida,32,Calle,85,Calle,87,Avenida 32 entre Calle 85 y Calle 87,346,Junco Sur,"2,2","0,47"
Avenida,32,Calle,87,Calle,89,Avenida 32 entre Calle 87 y Calle 89,356,Junco Sur,"2,3","0,49"
Avenida,32,Calle,89,Calle,91,Avenida 32 entre Calle 89 y Calle 91,367,Junco Sur,"2,4","0,50"
Avenida,34,Calle,37,Calle,39,Avenida 34 entre Calle 37 y Calle 39,248,Casco Historico,"1,3","0,34"
Avenida,34,Calle,39,Calle,41,Avenida 34 entre Calle 39 y Calle 41,238,Casco Historico,"1,2","0,33"
Avenida,34,Calle,41,Calle,43,Avenida 34 entre Calle 41 y Calle 43,227,Casco Historico,"1,1","0,31"
Avenida,34,Calle,43,Calle,45,Avenida 34 entre Calle 43 y Calle 45,216,Casco Historico,1,"0,30"
Avenida,34,Calle,45,Calle,47,Avenida 34 entre Calle 45 y Calle 47,216,Casco Historico,1,"0,30"
Avenida,34,Calle,57,Calle,59,Avenida 34 entre Calle 57 y Calle 59,216,Reparto de los Medicos,"0,5","0,30"
Avenida,34,Calle,59,Calle,61,Avenida 34 entre Calle 59 y Calle 61,216,Reparto de los Medicos,"0,6","0,30"
Avenida,34,Calle,61,Calle,63,Avenida 34 entre Calle 61 y Calle 63,216,Reparto de los Medicos,"0,7","0,30"
Avenida,34,Calle,75,Calle,77,Avenida 34 entre Calle 75 y Calle 77,270,Junco Sur,"1,5","0,37"
Avenida,34,Calle,77,Calle,79,Avenida 34 entre Calle 77 y Calle 79,281,Junco Sur,"1,6","0,38"
Avenida,34,Calle,79,Calle,81,Avenida 34 entre Calle 79 y Calle 81,302,Junco Sur,"1,8","0,41"
Avenida,34,Calle,81,Calle,83,Avenida 34 entre Calle 81 y Calle 83,313,Junco Sur,"1,9","0,43"
Avenida,34,Calle,83,Calle,85,Avenida 34 entre Calle 83 y Calle 85,324,Junco Sur,2,"0,44"
Avenida,34,Calle,85,Calle,87,Avenida 34 entre Calle 85 y Calle 87,335,Junco Sur,"2,1","0,46"
Avenida,36,Calle,7,Calle,9,Avenida 36 entre Calle 7 y Calle 9,464,Reina,"3,3","0,64"
Avenida,36,Calle,37,Calle,39,Avenida 36 entre Calle 37 y Calle 39,216,Casco Historico,1,"0,30"
Avenida,36,Calle,39,Calle,41,Avenida 36 entre Calle 39 y Calle 41,216,Casco Historico,"0,9","0,30"
Avenida,36,Calle,41,Calle,43,Avenida 36 entre Calle 41 y Calle 43,216,Casco Historico,"0,8","0,30"
Avenida,36,Calle,43,Calle,45,Avenida 36 entre Calle 43 y Calle 45,216,Casco Historico,"0,7","0,30"
Avenida,36,Calle,45,Calle,47,Avenida 36 entre Calle 45 y Calle 47,216,Casco Historico,"0,7","0,30"
Avenida,36,Calle,57,Calle,59,Avenida 36 entre Calle 57 y Calle 59,216,Reparto de los Medicos,"0,4","0,30"
Avenida,36,Calle,79,Calle,79A,Avenida 36 entre Calle 79 y Calle 79A,292,Junco Sur,"1,7","0,40"
Avenida,36,Calle,79A,Calle,81,Avenida 36 entre Calle 79A y Calle 81,281,Junco Sur,"1,6","0,38"
Avenida,36A,Calle,79,Calle,79A,Avenida 36A entre Calle 79 y Calle 79A,292,Junco Sur,"1,7","0,40"
Avenida,36A,Calle,79A,Calle,81,Avenida 36A entre Calle 79A y Calle 81,281,Junco Sur,"1,6","0,38"
Avenida,38,Calle,5,Calle,7,Avenida 38 entre Calle 5 y Calle 7,443,Reina,"3,1","0,61"
Avenida,38,Calle,7,Calle,9,Avenida 38 entre Calle 7 y Calle 9,443,Reina,"3,1","0,61"
Avenida,38,Calle,37,Calle,39,Avenida 38 entre Calle 37 y Calle 39,227,Casco Historico,"1,1","0,31"
Avenida,38,Calle,39,Calle,41,Avenida 38 entre Calle 39 y Calle 41,216,Casco Historico,1,"0,30"
Avenida,38,Calle,41,Calle,43,Avenida 38 entre Calle 41 y Calle 43,216,Casco Historico,"0,9","0,30"
Avenida,38,Calle,43,Calle,45,Avenida 38 entre Calle 43 y Calle 45,216,Casco Historico,"0,8","0,30"
Avenida,38,Calle,45,Calle,47,Avenida 38 entre Calle 45 y Calle 47,216,Casco Historico,"0,8","0,30"
Avenida,38,Calle,57,Calle,57A,Avenida 38 entre Calle 57 y Calle 57A,216,Reparto de los Medicos,"0,3","0,30"
Avenida,38,Calle,57A,Calle,59,Avenida 38 entre Calle 57A y Calle 59,216,Reparto de los Medicos,"0,3","0,30"
Avenida,38,Calle,79,Calle,79A,Avenida 38 entre Calle 79 y Calle 79A,270,Junco Sur,"1,5","0,37"
Avenida,38,Calle,79A,Calle,81,Avenida 38 entre Calle 79A y Calle 81,270,Junco Sur,"1,5","0,37"
Avenida,40,Calle,5,Calle,7,Avenida 40 entre Calle 5 y Calle 7,432,Reina,3,"0,59"
Avenida,40,Calle,7,Calle,9,Avenida 40 entre Calle 7 y Calle 9,421,Reina,"2,9","0,58"
Avenida,40,Calle,9,Calle,11,Avenida 40 entre Calle 9 y Calle 11,410,Reina,"2,8","0,56"
Avenida,40,Calle,33,Calle,35,Avenida 40 entre Calle 33 y Calle 35,259,Casco Historico,"1,4","0,36"
Avenida,40,Calle,35,Calle,37,Avenida 40 entre Calle 35 y Calle 37,248,Casco Historico,"1,3","0,34"
Avenida,40,Calle,37,Calle,39,Avenida 40 entre Calle 37 y Calle 39,238,Casco Historico,"1,2","0,33"
Avenida,40,Calle,39,Calle,41,Avenida 40 entre Calle 39 y Calle 41,227,Casco Historico,"1,1","0,31"
Avenida,40,Calle,41,Calle,43,Avenida 40 entre Calle 41 y Calle 43,216,Casco Historico,1,"0,30"
Avenida,40,Calle,43,Calle,45,Avenida 40 entre Calle 43 y Calle 45,216,Casco Historico,"0,9","0,30"
Avenida,40,Calle,45,Calle,45A,Avenida 40 entre Calle 45 y Calle 45A,216,Casco Historico,"0,7","0,30"
Avenida,40,Calle,57A,Calle,59,Avenida 40 entre Calle 57A y Calle 59,216,Reparto de los Medicos,"0,4","0,30"
Avenida,40,Calle,59,Calle,61A,Avenida 40 entre Calle 59 y Calle 61A,216,Reparto Hermanas Giral,"0,5","0,30"
Avenida,40,Calle,79A,Calle,81,Avenida 40 entre Calle 79A y Calle 81,259,Junco Sur,"1,4","0,36"
Avenida,42,Calle,5,Calle,7,Avenida 42 entre Calle 5 y Calle 7,421,Reina,"2,9","0,58"
Avenida,42,Calle,7,Calle,9,Avenida 42 entre Calle 7 y Calle 9,410,Reina,"2,8","0,56"
Avenida,42,Calle,9,Calle,11,Avenida 42 entre Calle 9 y Calle 11,400,Reina,"2,7","0,55"
Avenida,42,Calle,11,Calle,13,Avenida 42 entre Calle 11 y Calle 13,389,Reina,"2,6","0,53"
Avenida,42,Calle,33,Calle,35,Avenida 42 entre Calle 33 y Calle 35,248,Casco Historico,"1,3","0,34"
Avenida,42,Calle,35,Calle,37,Avenida 42 entre Calle 35 y Calle 37,238,Casco Historico,"1,2","0,33"
Avenida,42,Calle,37,Calle,39,Avenida 42 entre Calle 37 y Calle 39,227,Casco Historico,"1,1","0,31"
Avenida,42,Calle,39,Calle,41,Avenida 42 entre Calle 39 y Calle 41,216,Casco Historico,1,"0,30"
Avenida,42,Calle,41,Calle,43,Avenida 42 entre Calle 41 y Calle 43,216,Casco Historico,"0,9","0,30"
Avenida,42,Calle,43,Calle,45,Avenida 42 entre Calle 43 y Calle 45,216,Casco Historico,"0,8","0,30"
Avenida,42,Calle,47,Calle,49,Avenida 42 entre Calle 47 y Calle 49,216,5 de septiembre,"0,3","0,30"
Avenida,42,Calle,49,Calle,51,Avenida 42 entre Calle 49 y Calle 51,216,5 de septiembre,"0,2","0,30"
Avenida,42,Calle,55,Calle,57,Avenida 42 entre Calle 55 y Calle 57,216,5 de septiembre,"0,2","0,30"
Avenida,42,Calle,57,Calle,59,Avenida 42 entre Calle 57 y Calle 59,216,5 de septiembre,"0,1","0,30"
Avenida,42,Calle,59,Calle,61,Avenida 42 entre Calle 59 y Calle 61,216,5 de septiembre,"0,2","0,30"
Avenida,42,Calle,61,Calle,63,Avenida 42 entre Calle 61 y Calle 63,216,5 de septiembre,"0,3","0,30"
Avenida,42,Calle,63,Calle,65,Avenida 42 entre Calle 63 y Calle 65,216,5 de septiembre,"0,4","0,30"
Avenida,42,Calle,65,Calle,67,Avenida 42 entre Calle 65 y Calle 67,216,5 de septiembre,"0,5","0,30"
Avenida,42,Calle,67,Calle,69,Avenida 42 entre Calle 67 y Calle 69,216,5 de septiembre,"0,6","0,30"
Avenida,42,Calle,69,Calle,71,Avenida 42 entre Calle 69 y Calle 71,216,5 de septiembre,"0,7","0,30"
Avenida,42,Calle,71,Calle,73,Avenida 42 entre Calle 71 y Calle 73,216,5 de septiembre,"0,8","0,30"
Avenida,42,Calle,73,Calle,75,Avenida 42 entre Calle 73 y Calle 75,216,5 de septiembre,"0,9","0,30"
Avenida,42,Calle,75,Calle,77,Avenida 42 entre Calle 75 y Calle 77,216,5 de septiembre,1,"0,30"
Avenida,42,Calle,77,Calle,79,Avenida 42 entre Calle 77 y Calle 79,227,5 de septiembre,"1,1","0,31"
Avenida,42,Calle,79,Calle,81,Avenida 42 entre Calle 79 y Calle 81,238,5 de septiembre,"1,2","0,33"
Avenida,42,Calle,81,Calle,97,Avenida 42 entre Calle 81 y Calle 97,270,Junco Sur,"1,5","0,37"
Avenida,42,Calle,97,Calle,CIRCUNVALACION,Avenida 42 entre Calle 97 y Calle CIRCUNVALACION,324,Junco Sur,2,"0,44"
Avenida,JUNCO VIEJO,Calle,JUNCO VIEJO,Calle,JUNCO VIEJO,Avenida JUNCO VIEJO entre Calle JUNCO VIEJO y Calle JUNCO VIEJO,389,Junco Sur,"2,6","0,53"
Avenida,44,Calle,5,Calle,7,Avenida 44 entre Calle 5 y Calle 7,421,Reina,"2,9","0,58"
Avenida,44,Calle,7,Calle,9,Avenida 44 entre Calle 7 y Calle 9,410,Reina,"2,8","0,56"
Avenida,44,Calle,9,Calle,11,Avenida 44 entre Calle 9 y Calle 11,400,Reina,"2,7","0,55"
Avenida,44,Calle,11,Calle,13,Avenida 44 entre Calle 11 y Calle 13,389,Reina,"2,6","0,53"
Avenida,44,Calle,13,Calle,15,Avenida 44 entre Calle 13 y Calle 15,378,Reina,"2,5","0,52"
Avenida,44,Calle,33,Calle,35,Avenida 44 entre Calle 33 y Calle 35,238,Casco Historico,"1,2","0,33"
Avenida,44,Calle,35,Calle,37,Avenida 44 entre Calle 35 y Calle 37,238,Casco Historico,"1,2","0,33"
Avenida,44,Calle,37,Calle,39,Avenida 44 entre Calle 37 y Calle 39,216,Casco Historico,"0,9","0,30"
Avenida,44,Calle,39,Calle,41,Avenida 44 entre Calle 39 y Calle 41,216,Casco Historico,"0,8","0,30"
Avenida,44,Calle,41,Calle,43,Avenida 44 entre Calle 41 y Calle 43,216,Casco Historico,"0,7","0,30"
Avenida,44,Calle,43,Calle,45,Avenida 44 entre Calle 43 y Calle 45,216,Casco Historico,"0,6","0,30"
Avenida,44,Calle,45,Calle,47,Avenida 44 entre Calle 45 y Calle 47,216,Casco Historico,"0,5","0,30"
Avenida,44,Calle,47,Calle,49,Avenida 44 entre Calle 47 y Calle 49,216,Casco Historico,"0,4","0,30"
Avenida,44,Calle,49,Calle,51,Avenida 44 entre Calle 49 y Calle 51,216,Casco Historico,"0,3","0,30"
Avenida,44,Calle,59,Calle,61,Avenida 44 entre Calle 59 y Calle 61,216,Casco Historico,"0,4","0,30"
Avenida,44,Calle,61,Calle,63,Avenida 44 entre Calle 61 y Calle 63,216,La Juanita,"0,4","0,30"
Avenida,44,Calle,63,Calle,65,Avenida 44 entre Calle 63 y Calle 65,216,La Juanita,"0,5","0,30"
Avenida,44,Calle,67,Calle,69,Avenida 44 entre Calle 67 y Calle 69,216,La Juanita,"0,6","0,30"
Avenida,44,Calle,69,Calle,71,Avenida 44 entre Calle 69 y Calle 71,216,La Juanita,"0,7","0,30"
Avenida,44,Calle,71,Calle,73,Avenida 44 entre Calle 71 y Calle 73,216,La Juanita,"0,8","0,30"
Avenida,44,Calle,73,Calle,75,Avenida 44 entre Calle 73 y Calle 75,216,La Juanita,"0,9","0,30"
Avenida,46,Calle,7,Calle,7A,Avenida 46 entre Calle 7 y Calle 7A,378,Reina,"2,5","0,52"
Avenida,46,Calle,7A,Calle,9,Avenida 46 entre Calle 7A y Calle 9,367,Reina,"2,4","0,50"
Avenida,46,Calle,9,Calle,9A,Avenida 46 entre Calle 9 y Calle 9A,356,Reina,"2,3","0,49"
Avenida,46,Calle,9A,Calle,11,Avenida 46 entre Calle 9A y Calle 11,346,Reina,"2,2","0,47"
Avenida,46,Calle,11,Calle,13,Avenida 46 entre Calle 11 y Calle 13,335,Reina,"2,1","0,46"
Avenida,46,Calle,13,Calle,15,Avenida 46 entre Calle 13 y Calle 15,324,Reina,2,"0,44"
Avenida,46,Calle,15,Calle,17,Avenida 46 entre Calle 15 y Calle 17,313,Reina,"1,9","0,43"
Avenida,46,Calle,17,Calle,19,Avenida 46 entre Calle 17 y Calle 19,302,Reina,"1,8","0,41"
Avenida,46,Calle,19,Calle,21,Avenida 46 entre Calle 19 y Calle 21,292,Casco Historico,"1,7","0,40"
Avenida,46,Calle,21,Calle,23,Avenida 46 entre Calle 21 y Calle 23,281,Casco Historico,"1,6","0,38"
Avenida,46,Calle,23,Calle,25,Avenida 46 entre Calle 23 y Calle 25,270,Casco Historico,"1,5","0,37"
Avenida,46,Calle,25,Calle,27,Avenida 46 entre Calle 25 y Calle 27,259,Casco Historico,"1,4","0,36"
Avenida,46,Calle,27,Calle,29,Avenida 46 entre Calle 27 y Calle 29,248,Casco Historico,"1,3","0,34"
Avenida,46,Calle,29,Calle,31,Avenida 46 entre Calle 29 y Calle 31,238,Casco Historico,"1,2","0,33"
Avenida,46,Calle,31,Calle,33,Avenida 46 entre Calle 31 y Calle 33,227,Casco Historico,"1,1","0,31"
Avenida,46,Calle,33,Calle,35,Avenida 46 entre Calle 33 y Calle 35,216,Casco Historico,1,"0,30"
Avenida,46,Calle,35,Calle,37,Avenida 46 entre Calle 35 y Calle 37,216,Casco Historico,"0,9","0,30"
Avenida,46,Calle,37,Calle,39,Avenida 46 entre Calle 37 y Calle 39,216,Casco Historico,"0,8","0,30"
Avenida,46,Calle,39,Calle,41,Avenida 46 entre Calle 39 y Calle 41,216,Casco Historico,"0,7","0,30"
Avenida,46,Calle,41,Calle,43,Avenida 46 entre Calle 41 y Calle 43,216,Casco Historico,"0,6","0,30"
Avenida,46,Calle,43,Calle,45,Avenida 46 entre Calle 43 y Calle 45,216,Casco Historico,"0,5","0,30"
Avenida,46,Calle,45,Calle,47,Avenida 46 entre Calle 45 y Calle 47,216,Casco Historico,"0,4","0,30"
Avenida,46,Calle,47,Calle,49,Avenida 46 entre Calle 47 y Calle 49,216,Casco Historico,"0,3","0,30"
Avenida,46,Calle,49,Calle,51,Avenida 46 entre Calle 49 y Calle 51,216,Casco Historico,"0,2","0,30"
Avenida,46,Calle,57,Calle,59,Avenida 46 entre Calle 57 y Calle 59,216,Casco Historico,"0,2","0,30"
Avenida,46,Calle,59,Calle,61,Avenida 46 entre Calle 59 y Calle 61,216,Casco Historico,"0,4","0,30"
Avenida,46,Calle,61,Calle,63,Avenida 46 entre Calle 61 y Calle 63,216,La Juanita,"0,5","0,30"
Avenida,46,Calle,63,Calle,65,Avenida 46 entre Calle 63 y Calle 65,216,La Juanita,"0,6","0,30"
Avenida,46,Calle,65,Calle,67,Avenida 46 entre Calle 65 y Calle 67,216,La Juanita,"0,7","0,30"
Avenida,46,Calle,69,Calle,71,Avenida 46 entre Calle 69 y Calle 71,216,La Juanita,"0,9","0,30"
Avenida,46,Calle,71,Calle,73,Avenida 46 entre Calle 71 y Calle 73,216,La Juanita,1,"0,30"
Avenida,46,Calle,73,Calle,75,Avenida 46 entre Calle 73 y Calle 75,227,La Juanita,"1,1","0,31"
Avenida,46,Calle,75,Calle,77,Avenida 46 entre Calle 75 y Calle 77,238,La Juanita,"1,2","0,33"
Avenida,48,Calle,5,Calle,7,Avenida 48 entre Calle 5 y Calle 7,400,Reina,"2,7","0,55"
Avenida,48,Calle,7,Calle,7A,Avenida 48 entre Calle 7 y Calle 7A,389,Reina,"2,6","0,53"
Avenida,48,Calle,7A,Calle,9A,Avenida 48 entre Calle 7A y Calle 9A,378,Reina,"2,5","0,52"
Avenida,48,Calle,9A,Calle,11,Avenida 48 entre Calle 9A y Calle 11,367,Reina,"2,4","0,50"
Avenida,48,Calle,11,Calle,13,Avenida 48 entre Calle 11 y Calle 13,356,Reina,"2,3","0,49"
Avenida,48,Calle,13,Calle,15,Avenida 48 entre Calle 13 y Calle 15,346,Reina,"2,2","0,47"
Avenida,48,Calle,15,Calle,17,Avenida 48 entre Calle 15 y Calle 17,335,Reina,"2,1","0,46"
Avenida,48,Calle,17,Calle,19,Avenida 48 entre Calle 17 y Calle 19,324,Reina,2,"0,44"
Avenida,48,Calle,19,Calle,21,Avenida 48 entre Calle 19 y Calle 21,313,Casco Historico,"1,9","0,43"
Avenida,48,Calle,21,Calle,23,Avenida 48 entre Calle 21 y Calle 23,302,Casco Historico,"1,8","0,41"
Avenida,48,Calle,23,Calle,25,Avenida 48 entre Calle 23 y Calle 25,292,Casco Historico,"1,7","0,40"
Avenida,48,Calle,25,Calle,27,Avenida 48 entre Calle 25 y Calle 27,281,Casco Historico,"1,6","0,38"
Avenida,48,Calle,27,Calle,29,Avenida 48 entre Calle 27 y Calle 29,270,Casco Historico,"1,5","0,37"
Avenida,48,Calle,29,Calle,31,Avenida 48 entre Calle 29 y Calle 31,259,Casco Historico,"1,4","0,36"
Avenida,48,Calle,31,Calle,33,Avenida 48 entre Calle 31 y Calle 33,248,Casco Historico,"1,3","0,34"
Avenida,48,Calle,33,Calle,35,Avenida 48 entre Calle 33 y Calle 35,238,Casco Historico,"1,2","0,33"
Avenida,48,Calle,35,Calle,37,Avenida 48 entre Calle 35 y Calle 37,227,Casco Historico,"1,1","0,31"
Avenida,48,Calle,37,Calle,39,Avenida 48 entre Calle 37 y Calle 39,216,Casco Historico,1,"0,30"
Avenida,48,Calle,39,Calle,41,Avenida 48 entre Calle 39 y Calle 41,216,Casco Historico,"0,9","0,30"
Avenida,48,Calle,41,Calle,43,Avenida 48 entre Calle 41 y Calle 43,216,Casco Historico,"0,8","0,30"
Avenida,48,Calle,43,Calle,45,Avenida 48 entre Calle 43 y Calle 45,216,Casco Historico,"0,7","0,30"
Avenida,48,Calle,45,Calle,47,Avenida 48 entre Calle 45 y Calle 47,216,Casco Historico,"0,6","0,30"
Avenida,48,Calle,47,Calle,49,Avenida 48 entre Calle 47 y Calle 49,216,Casco Historico,"0,6","0,30"
Avenida,48,Calle,49,Calle,51,Avenida 48 entre Calle 49 y Calle 51,216,Casco Historico,"0,5","0,30"
Avenida,48,Calle,51,Calle,53,Avenida 48 entre Calle 51 y Calle 53,216,Casco Historico,"0,5","0,30"
Avenida,48,Calle,53,Calle,55,Avenida 48 entre Calle 53 y Calle 55,216,Casco Historico,"0,5","0,30"
Avenida,48,Calle,55,Calle,57,Avenida 48 entre Calle 55 y Calle 57,216,Casco Historico,"0,4","0,30"
Avenida,48,Calle,57,Calle,59,Avenida 48 entre Calle 57 y Calle 59,216,Casco Historico,"0,4","0,30"
Avenida,48,Calle,59,Calle,61,Avenida 48 entre Calle 59 y Calle 61,216,Casco Historico,"0,5","0,30"
Avenida,48,Calle,61,Calle,63,Avenida 48 entre Calle 61 y Calle 63,216,La Juanita,"0,6","0,30"
Avenida,48,Calle,63,Calle,65,Avenida 48 entre Calle 63 y Calle 65,216,La Juanita,"0,7","0,30"
Avenida,48,Calle,65,Calle,67,Avenida 48 entre Calle 65 y Calle 67,216,La Juanita,"0,8","0,30"
Avenida,48,Calle,67,Calle,69,Avenida 48 entre Calle 67 y Calle 69,216,La Juanita,"0,9","0,30"
Avenida,48,Calle,69,Calle,71,Avenida 48 entre Calle 69 y Calle 71,216,La Juanita,1,"0,30"
Avenida,48,Calle,71,Calle,73,Avenida 48 entre Calle 71 y Calle 73,227,La Juanita,"1,1","0,31"
Avenida,48,Calle,73,Calle,75,Avenida 48 entre Calle 73 y Calle 75,238,La Juanita,"1,2","0,33"
Avenida,48,Calle,77,Calle,79,Avenida 48 entre Calle 77 y Calle 79,259,La Juanita,"1,4","0,36"
Avenida,48A,Calle,77,Calle,79,Avenida 48A entre Calle 77 y Calle 79,270,La Juanita,"1,5","0,37"
Avenida,50,Calle,7,Calle,7A,Avenida 50 entre Calle 7 y Calle 7A,400,Reina,"2,7","0,55"
Avenida,50,Calle,7A,Calle,9A,Avenida 50 entre Calle 7A y Calle 9A,389,Reina,"2,6","0,53"
Avenida,50,Calle,9A,Calle,11,Avenida 50 entre Calle 9A y Calle 11,378,Reina,"2,5","0,52"
Avenida,50,Calle,11,Calle,13,Avenida 50 entre Calle 11 y Calle 13,367,Reina,"2,4","0,50"
Avenida,50,Calle,13,Calle,15,Avenida 50 entre Calle 13 y Calle 15,356,Reina,"2,3","0,49"
Avenida,50,Calle,15,Calle,17,Avenida 50 entre Calle 15 y Calle 17,356,Reina,"2,3","0,49"
Avenida,50,Calle,19,Calle,21,Avenida 50 entre Calle 19 y Calle 21,324,Casco Historico,2,"0,44"
Avenida,50,Calle,21,Calle,23,Avenida 50 entre Calle 21 y Calle 23,313,Casco Historico,"1,9","0,43"
Avenida,50,Calle,23,Calle,25,Avenida 50 entre Calle 23 y Calle 25,302,Casco Historico,"1,8","0,41"
Avenida,50,Calle,25,Calle,27,Avenida 50 entre Calle 25 y Calle 27,292,Casco Historico,"1,7","0,40"
Avenida,50,Calle,27,Calle,29,Avenida 50 entre Calle 27 y Calle 29,281,Casco Historico,"1,6","0,38"
Avenida,50,Calle,29,Calle,31,Avenida 50 entre Calle 29 y Calle 31,270,Casco Historico,"1,5","0,37"
Avenida,50,Calle,31,Calle,33,Avenida 50 entre Calle 31 y Calle 33,259,Casco Historico,"1,4","0,36"
Avenida,50,Calle,33,Calle,35,Avenida 50 entre Calle 33 y Calle 35,248,Casco Historico,"1,3","0,34"
Avenida,50,Calle,35,Calle,37,Avenida 50 entre Calle 35 y Calle 37,248,Casco Historico,"1,3","0,34"
Avenida,50,Calle,37,Calle,39,Avenida 50 entre Calle 37 y Calle 39,216,Casco Historico,1,"0,30"
Avenida,50,Calle,39,Calle,41,Avenida 50 entre Calle 39 y Calle 41,216,Casco Historico,"0,9","0,30"
Avenida,50,Calle,41,Calle,43,Avenida 50 entre Calle 41 y Calle 43,216,Casco Historico,"0,8","0,30"
Avenida,50,Calle,43,Calle,45,Avenida 50 entre Calle 43 y Calle 45,216,Casco Historico,"0,7","0,30"
Avenida,50,Calle,45,Calle,47,Avenida 50 entre Calle 45 y Calle 47,216,Casco Historico,"0,6","0,30"
Avenida,50,Calle,47,Calle,49,Avenida 50 entre Calle 47 y Calle 49,216,Casco Historico,"0,5","0,30"
Avenida,50,Calle,49,Calle,51,Avenida 50 entre Calle 49 y Calle 51,216,Casco Historico,"0,7","0,30"
Avenida,50,Calle,51,Calle,53,Avenida 50 entre Calle 51 y Calle 53,216,Casco Historico,"0,6","0,30"
Avenida,50,Calle,53,Calle,55,Avenida 50 entre Calle 53 y Calle 55,216,Casco Historico,"0,6","0,30"
Avenida,50,Calle,55,Calle,57,Avenida 50 entre Calle 55 y Calle 57,216,Casco Historico,"0,5","0,30"
Avenida,50,Calle,57,Calle,59,Avenida 50 entre Calle 57 y Calle 59,216,Casco Historico,"0,5","0,30"
Avenida,50,Calle,59,Calle,61,Avenida 50 entre Calle 59 y Calle 61,216,Casco Historico,"0,6","0,30"
Avenida,50,Calle,61,Calle,63,Avenida 50 entre Calle 61 y Calle 63,216,La Juanita,"0,7","0,30"
Avenida,50,Calle,63,Calle,65,Avenida 50 entre Calle 63 y Calle 65,216,La Juanita,"0,8","0,30"
Avenida,50,Calle,65,Calle,67,Avenida 50 entre Calle 65 y Calle 67,216,La Juanita,"0,9","0,30"
Avenida,50,Calle,67,Calle,69,Avenida 50 entre Calle 67 y Calle 69,216,La Juanita,1,"0,30"
Avenida,50,Calle,69,Calle,71,Avenida 50 entre Calle 69 y Calle 71,227,La Juanita,"1,1","0,31"
Avenida,50,Calle,71,Calle,73,Avenida 50 entre Calle 71 y Calle 73,238,La Juanita,"1,2","0,33"
Avenida,50,Calle,73,Calle,75,Avenida 50 entre Calle 73 y Calle 75,248,La Juanita,"1,3","0,34"
Avenida,50,Calle,75,Calle,77,Avenida 50 entre Calle 75 y Calle 77,259,La Juanita,"1,4","0,36"
Avenida,52,Calle,7,Calle,9,Avenida 52 entre Calle 7 y Calle 9,400,Reina,"2,7","0,55"
Avenida,52,Calle,9,Calle,11,Avenida 52 entre Calle 9 y Calle 11,389,Reina,"2,6","0,53"
Avenida,52,Calle,19,Calle,21,Avenida 52 entre Calle 19 y Calle 21,335,Casco Historico,"2,1","0,46"
Avenida,52,Calle,21,Calle,23,Avenida 52 entre Calle 21 y Calle 23,324,Casco Historico,2,"0,44"
Avenida,52,Calle,23,Calle,25,Avenida 52 entre Calle 23 y Calle 25,313,Casco Historico,"1,9","0,43"
Avenida,52,Calle,25,Calle,27,Avenida 52 entre Calle 25 y Calle 27,302,Casco Historico,"1,8","0,41"
Avenida,52,Calle,27,Calle,29,Avenida 52 entre Calle 27 y Calle 29,292,Casco Historico,"1,7","0,40"
Avenida,52,Calle,29,Calle,31,Avenida 52 entre Calle 29 y Calle 31,281,Casco Historico,"1,6","0,38"
Avenida,52,Calle,31,Calle,33,Avenida 52 entre Calle 31 y Calle 33,270,Casco Historico,"1,5","0,37"
Avenida,52,Calle,33,Calle,35,Avenida 52 entre Calle 33 y Calle 35,259,Casco Historico,"1,4","0,36"
Avenida,52,Calle,35,Calle,37,Avenida 52 entre Calle 35 y Calle 37,248,Casco Historico,"1,3","0,34"
Avenida,52,Calle,37,Calle,39,Avenida 52 entre Calle 37 y Calle 39,238,Casco Historico,"1,2","0,33"
Avenida,52,Calle,39,Calle,41,Avenida 52 entre Calle 39 y Calle 41,227,Casco Historico,"1,1","0,31"
Avenida,52,Calle,41,Calle,43,Avenida 52 entre Calle 41 y Calle 43,216,Casco Historico,1,"0,30"
Avenida,52,Calle,43,Calle,45,Avenida 52 entre Calle 43 y Calle 45,216,Casco Historico,"0,9","0,30"
Avenida,52,Calle,45,Calle,47,Avenida 52 entre Calle 45 y Calle 47,216,Casco Historico,"0,8","0,30"
Avenida,52,Calle,47,Calle,49,Avenida 52 entre Calle 47 y Calle 49,216,Casco Historico,"0,7","0,30"
Avenida,52,Calle,49,Calle,51,Avenida 52 entre Calle 49 y Calle 51,216,Casco Historico,"0,8","0,30"
Avenida,52,Calle,51,Calle,53,Avenida 52 entre Calle 51 y Calle 53,216,Casco Historico,"0,7","0,30"
Avenida,52,Calle,53,Calle,55,Avenida 52 entre Calle 53 y Calle 55,216,Casco Historico,"0,8","0,30"
Avenida,52,Calle,55,Calle,57,Avenida 52 entre Calle 55 y Calle 57,216,Casco Historico,"0,6","0,30"
Avenida,52,Calle,57,Calle,59,Avenida 52 entre Calle 57 y Calle 59,216,Casco Historico,"0,6","0,30"
Avenida,52,Calle,59,Calle,61,Avenida 52 entre Calle 59 y Calle 61,216,Casco Historico,"0,7","0,30"
Avenida,52,Calle,61,Calle,63,Avenida 52 entre Calle 61 y Calle 63,216,La Juanita,"0,8","0,30"
Avenida,52,Calle,63,Calle,65,Avenida 52 entre Calle 63 y Calle 65,216,La Juanita,"0,9","0,30"
Avenida,52,Calle,65,Calle,67,Avenida 52 entre Calle 65 y Calle 67,216,La Juanita,1,"0,30"
Avenida,52,Calle,67,Calle,69,Avenida 52 entre Calle 67 y Calle 69,227,La Juanita,"1,1","0,31"
Avenida,52,Calle,69,Calle,71,Avenida 52 entre Calle 69 y Calle 71,238,La Juanita,"1,2","0,33"
Avenida,52,Calle,71,Calle,73,Avenida 52 entre Calle 71 y Calle 73,248,La Juanita,"1,3","0,34"
Avenida,52,Calle,73,Calle,75,Avenida 52 entre Calle 73 y Calle 75,259,La Juanita,"1,4","0,36"
Avenida,54,Calle,9,Calle,9A,Avenida 54 entre Calle 9 y Calle 9A,410,Reina,"2,8","0,56"
Avenida,54,Calle,15,Calle,17,Avenida 54 entre Calle 15 y Calle 17,367,Reina,"2,4","0,50"
Avenida,54,Calle,17,Calle,19,Avenida 54 entre Calle 17 y Calle 19,356,Reina,"2,3","0,49"
Avenida,54,Calle,19,Calle,21,Avenida 54 entre Calle 19 y Calle 21,356,Casco Historico,"2,3","0,49"
Avenida,54,Calle,21,Calle,23,Avenida 54 entre Calle 21 y Calle 23,356,Casco Historico,"2,3","0,49"
Avenida,54,Calle,23,Calle,25,Avenida 54 entre Calle 23 y Calle 25,346,Casco Historico,"2,2","0,47"
Avenida,54,Calle,25,Calle,27,Avenida 54 entre Calle 25 y Calle 27,335,Casco Historico,"2,1","0,46"
Avenida,54,Calle,33,Calle,35,Avenida 54 entre Calle 33 y Calle 35,281,Casco Historico,"1,6","0,38"
Avenida,54,Calle,37,Calle,39,Avenida 54 entre Calle 37 y Calle 39,259,Casco Historico,"1,4","0,36"
Avenida,54,Calle,39,Calle,41,Avenida 54 entre Calle 39 y Calle 41,248,Casco Historico,"1,3","0,34"
Avenida,54,Calle,41,Calle,43,Avenida 54 entre Calle 41 y Calle 43,238,Casco Historico,"1,2","0,33"
Avenida,54,Calle,43,Calle,45,Avenida 54 entre Calle 43 y Calle 45,227,Casco Historico,"1,1","0,31"
Avenida,54,Calle,45,Calle,47,Avenida 54 entre Calle 45 y Calle 47,216,Casco Historico,1,"0,30"
Avenida,54,Calle,47,Calle,49,Avenida 54 entre Calle 47 y Calle 49,216,Casco Historico,1,"0,30"
Avenida,54,Calle,49,Calle,51,Avenida 54 entre Calle 49 y Calle 51,216,Casco Historico,"0,9","0,30"
Avenida,54,Calle,51,Calle,53,Avenida 54 entre Calle 51 y Calle 53,216,Casco Historico,"0,8","0,30"
Avenida,54,Calle,53,Calle,55,Avenida 54 entre Calle 53 y Calle 55,216,Casco Historico,"0,7","0,30"
Avenida,54,Calle,55,Calle,57,Avenida 54 entre Calle 55 y Calle 57,216,Casco Historico,"0,8","0,30"
Avenida,54,Calle,57,Calle,59,Avenida 54 entre Calle 57 y Calle 59,216,Casco Historico,"0,7","0,30"
Avenida,54,Calle,59,Calle,61,Avenida 54 entre Calle 59 y Calle 61,216,Casco Historico,"0,8","0,30"
Avenida,54,Calle,61,Calle,63,Avenida 54 entre Calle 61 y Calle 63,216,La Juanita,"0,9","0,30"
Avenida,54,Calle,63,Calle,65,Avenida 54 entre Calle 63 y Calle 65,216,La Juanita,1,"0,30"
Avenida,54,Calle,65,Calle,67,Avenida 54 entre Calle 65 y Calle 67,227,La Juanita,"1,1","0,31"
Avenida,54,Calle,67,Calle,69,Avenida 54 entre Calle 67 y Calle 69,238,La Juanita,"1,2","0,33"
Avenida,54,Calle,69,Calle,71,Avenida 54 entre Calle 69 y Calle 71,248,La Juanita,"1,3","0,34"
Avenida,54,Calle,71,Calle,73,Avenida 54 entre Calle 71 y Calle 73,259,La Juanita,"1,4","0,36"
Avenida,54,Calle,73,Calle,75,Avenida 54 entre Calle 73 y Calle 75,270,La Juanita,"1,5","0,37"
Avenida,54,Calle,75,Calle,77,Avenida 54 entre Calle 75 y Calle 77,281,La Juanita,"1,6","0,38"
Avenida,56,Calle,7,Calle,9,Avenida 56 entre Calle 7 y Calle 9,432,Reina,3,"0,59"
Avenida,56,Calle,9,Calle,11,Avenida 56 entre Calle 9 y Calle 11,421,Reina,"2,9","0,58"
Avenida,56,Calle,11,Calle,13,Avenida 56 entre Calle 11 y Calle 13,432,Reina,3,"0,59"
Avenida,56,Calle,19,Calle,21,Avenida 56 entre Calle 19 y Calle 21,356,Casco Historico,"2,3","0,49"
Avenida,56,Calle,21,Calle,23,Avenida 56 entre Calle 21 y Calle 23,346,Casco Historico,"2,2","0,47"
Avenida,56,Calle,23,Calle,25,Avenida 56 entre Calle 23 y Calle 25,335,Casco Historico,"2,1","0,46"
Avenida,56,Calle,25,Calle,27,Avenida 56 entre Calle 25 y Calle 27,324,Casco Historico,2,"0,44"
Avenida,56,Calle,27,Calle,29,Avenida 56 entre Calle 27 y Calle 29,313,Casco Historico,"1,9","0,43"
Avenida,56,Calle,29,Calle,31,Avenida 56 entre Calle 29 y Calle 31,302,Casco Historico,"1,8","0,41"
Avenida,56,Calle,31,Calle,33,Avenida 56 entre Calle 31 y Calle 33,292,Casco Historico,"1,7","0,40"
Avenida,56,Calle,33,Calle,35,Avenida 56 entre Calle 33 y Calle 35,281,Casco Historico,"1,6","0,38"
Avenida,56,Calle,35,Calle,37,Avenida 56 entre Calle 35 y Calle 37,270,Casco Historico,"1,5","0,37"
Avenida,56,Calle,37,Calle,39,Avenida 56 entre Calle 37 y Calle 39,259,Casco Historico,"1,4","0,36"
Avenida,56,Calle,39,Calle,41,Avenida 56 entre Calle 39 y Calle 41,248,Casco Historico,"1,3","0,34"
Avenida,56,Calle,41,Calle,43,Avenida 56 entre Calle 41 y Calle 43,238,Casco Historico,"1,2","0,33"
Avenida,56,Calle,43,Calle,45,Avenida 56 entre Calle 43 y Calle 45,227,Casco Historico,"1,1","0,31"
Avenida,56,Calle,45,Calle,47,Avenida 56 entre Calle 45 y Calle 47,216,Casco Historico,1,"0,30"
Avenida,56,Calle,47,Calle,49,Avenida 56 entre Calle 47 y Calle 49,216,Casco Historico,1,"0,30"
Avenida,56,Calle,49,Calle,51,Avenida 56 entre Calle 49 y Calle 51,216,Casco Historico,"0,9","0,30"
Avenida,56,Calle,51,Calle,53,Avenida 56 entre Calle 51 y Calle 53,216,Casco Historico,"0,9","0,30"
Avenida,56,Calle,53,Calle,55,Avenida 56 entre Calle 53 y Calle 55,216,Casco Historico,1,"0,30"
Avenida,56,Calle,55,Calle,57,Avenida 56 entre Calle 55 y Calle 57,216,Casco Historico,"0,8","0,30"
Avenida,56,Calle,57,Calle,59,Avenida 56 entre Calle 57 y Calle 59,216,Casco Historico,1,"0,30"
Avenida,56,Calle,59,Calle,61,Avenida 56 entre Calle 59 y Calle 61,216,Casco Historico,1,"0,30"
Avenida,56,Calle,61,Calle,63,Avenida 56 entre Calle 61 y Calle 63,216,La Juanita,1,"0,30"
Avenida,56,Calle,63,Calle,65,Avenida 56 entre Calle 63 y Calle 65,227,La Juanita,"1,1","0,31"
Avenida,56,Calle,65,Calle,67,Avenida 56 entre Calle 65 y Calle 67,238,La Juanita,"1,2","0,33"
Avenida,56,Calle,67,Calle,69,Avenida 56 entre Calle 67 y Calle 69,248,La Juanita,"1,3","0,34"
Avenida,56,Calle,69,Calle,71,Avenida 56 entre Calle 69 y Calle 71,259,La Juanita,"1,4","0,36"
Avenida,56,Calle,71,Calle,73,Avenida 56 entre Calle 71 y Calle 73,270,La Juanita,"1,5","0,37"
Avenida,56,Calle,73,Calle,75,Avenida 56 entre Calle 73 y Calle 75,281,La Juanita,"1,6","0,38"
Avenida,56,Calle,75,Calle,77,Avenida 56 entre Calle 75 y Calle 77,292,La Juanita,"1,7","0,40"
Avenida,58,Calle,7,Calle,9,Avenida 58 entre Calle 7 y Calle 9,432,Reina,3,"0,59"
Avenida,58,Calle,9,Calle,11,Avenida 58 entre Calle 9 y Calle 11,432,Reina,3,"0,59"
Avenida,58,Calle,17,Calle,19,Avenida 58 entre Calle 17 y Calle 19,378,Reina,"2,5","0,52"
Avenida,58,Calle,19,Calle,21,Avenida 58 entre Calle 19 y Calle 21,378,Casco Historico,"2,5","0,52"
Avenida,58,Calle,21,Calle,23,Avenida 58 entre Calle 21 y Calle 23,389,Casco Historico,"2,6","0,53"
Avenida,58,Calle,23,Calle,25,Avenida 58 entre Calle 23 y Calle 25,346,Casco Historico,"2,2","0,47"
Avenida,58,Calle,25,Calle,27,Avenida 58 entre Calle 25 y Calle 27,335,Casco Historico,"2,1","0,46"
Avenida,58,Calle,27,Calle,29,Avenida 58 entre Calle 27 y Calle 29,324,Casco Historico,2,"0,44"
Avenida,58,Calle,29,Calle,31,Avenida 58 entre Calle 29 y Calle 31,313,Casco Historico,"1,9","0,43"
Avenida,58,Calle,31,Calle,33,Avenida 58 entre Calle 31 y Calle 33,302,Casco Historico,"1,8","0,41"
Avenida,58,Calle,33,Calle,35,Avenida 58 entre Calle 33 y Calle 35,292,Casco Historico,"1,7","0,40"
Avenida,58,Calle,35,Calle,37,Avenida 58 entre Calle 35 y Calle 37,281,Casco Historico,"1,6","0,38"
Avenida,58,Calle,37,Calle,39,Avenida 58 entre Calle 37 y Calle 39,270,Casco Historico,"1,5","0,37"
Avenida,58,Calle,39,Calle,41,Avenida 58 entre Calle 39 y Calle 41,259,Casco Historico,"1,4","0,36"
Avenida,58,Calle,41,Calle,43,Avenida 58 entre Calle 41 y Calle 43,248,Casco Historico,"1,3","0,34"
Avenida,58,Calle,43,Calle,45,Avenida 58 entre Calle 43 y Calle 45,238,Casco Historico,"1,2","0,33"
Avenida,58,Calle,45,Calle,47,Avenida 58 entre Calle 45 y Calle 47,227,Casco Historico,"1,1","0,31"
Avenida,58,Calle,47,Calle,49,Avenida 58 entre Calle 47 y Calle 49,227,Casco Historico,"1,1","0,31"
Avenida,58,Calle,49,Calle,51,Avenida 58 entre Calle 49 y Calle 51,227,Casco Historico,"1,1","0,31"
Avenida,58,Calle,51,Calle,53,Avenida 58 entre Calle 51 y Calle 53,238,Casco Historico,"1,2","0,33"
Avenida,58,Calle,53,Calle,55,Avenida 58 entre Calle 53 y Calle 55,248,Casco Historico,"1,3","0,34"
Avenida,58,Calle,55,Calle,57,Avenida 58 entre Calle 55 y Calle 57,238,Casco Historico,"1,2","0,33"
Avenida,58,Calle,57,Calle,59,Avenida 58 entre Calle 57 y Calle 59,227,Casco Historico,"1,1","0,31"
Avenida,58,Calle,59,Calle,61,Avenida 58 entre Calle 59 y Calle 61,227,Casco Historico,"1,1","0,31"
Avenida,58,Calle,61,Calle,63,Avenida 58 entre Calle 61 y Calle 63,227,La Juanita,"1,1","0,31"
Avenida,58,Calle,63,Calle,65,Avenida 58 entre Calle 63 y Calle 65,238,La Juanita,"1,2","0,33"
Avenida,58,Calle,65,Calle,67,Avenida 58 entre Calle 65 y Calle 67,248,La Juanita,"1,3","0,34"
Avenida,58,Calle,67,Calle,69,Avenida 58 entre Calle 67 y Calle 69,259,La Juanita,"1,4","0,36"
Avenida,58,Calle,69,Calle,71,Avenida 58 entre Calle 69 y Calle 71,270,La Juanita,"1,5","0,37"
Avenida,58,Calle,71,Calle,73,Avenida 58 entre Calle 71 y Calle 73,281,La Juanita,"1,6","0,38"
Avenida,58,Calle,73,Calle,75,Avenida 58 entre Calle 73 y Calle 75,292,La Juanita,"1,7","0,40"
Avenida,58,Calle,75,Calle,77,Avenida 58 entre Calle 75 y Calle 77,302,Tulipan,"1,8","0,41"
Avenida,58,Calle,77,Calle,79,Avenida 58 entre Calle 77 y Calle 79,313,Tulipan,"1,9","0,43"
Avenida,58,Calle,79,Calle,81,Avenida 58 entre Calle 79 y Calle 81,324,Tulipan,2,"0,44"
Avenida,58,Calle,81,Calle,83,Avenida 58 entre Calle 81 y Calle 83,335,Tulipan,"2,1","0,46"
Avenida,58,Calle,83,Calle,85,Avenida 58 entre Calle 83 y Calle 85,346,Tulipan,"2,2","0,47"
Avenida,58,Calle,85,Calle,87,Avenida 58 entre Calle 85 y Calle 87,356,Tulipan,"2,3","0,49"
Avenida,58,Calle,87,Calle,89,Avenida 58 entre Calle 87 y Calle 89,367,Tulipan,"2,4","0,50"
Avenida,58,Calle,89,Calle,91,Avenida 58 entre Calle 89 y Calle 91,378,Tulipan,"2,5","0,52"
Avenida,58,Calle,91,Calle,93,Avenida 58 entre Calle 91 y Calle 93,389,Tulipan,"2,6","0,53"
Avenida,58,Calle,93,Calle,CIRCUNVALACION,Avenida 58 entre Calle 93 y Calle CIRCUNVALACION,400,Tulipan,"2,7","0,55"
Avenida,LINEA,Calle,21,Calle,23,Avenida LINEA entre Calle 21 y Calle 23,367,Casco Historico,"2,4","0,50"
Avenida,LINEA,Calle,19,Calle,21,Avenida LINEA entre Calle 19 y Calle 21,378,Casco Historico,"2,5","0,52"
Avenida,LINEA,Calle,23,Calle,25,Avenida LINEA entre Calle 23 y Calle 25,356,Casco Historico,"2,3","0,49"
Avenida,LINEA,Calle,29,Calle,31,Avenida LINEA entre Calle 29 y Calle 31,346,Casco Historico,"2,2","0,47"
Avenida,LINEA,Calle,31,Calle,33,Avenida LINEA entre Calle 31 y Calle 33,335,Casco Historico,"2,1","0,46"
Avenida,LINEA,Calle,33,Calle,35,Avenida LINEA entre Calle 33 y Calle 35,324,Casco Historico,2,"0,44"
Avenida,LINEA,Calle,35,Calle,37,Avenida LINEA entre Calle 35 y Calle 37,313,Casco Historico,"1,9","0,43"
Avenida,LINEA,Avenida,66,Avenida,68,Avenida LINEA entre Avenida 66 y Avenida 68,302,Casco Historico,"1,8","0,41"
Avenida,LINEA,Avenida,68,Avenida,70,Avenida LINEA entre Avenida 68 y Avenida 70,313,Casco Historico,"1,9","0,43"
Avenida,60,Calle,21,Calle,23,Avenida 60 entre Calle 21 y Calle 23,367,Casco Historico,"2,4","0,50"
Avenida,60,Calle,23,Calle,25,Avenida 60 entre Calle 23 y Calle 25,356,Casco Historico,"2,3","0,49"
Avenida,60,Calle,25,Calle,27,Avenida 60 entre Calle 25 y Calle 27,346,Casco Historico,"2,2","0,47"
Avenida,60,Calle,27,Calle,29,Avenida 60 entre Calle 27 y Calle 29,335,Casco Historico,"2,1","0,46"
Avenida,60,Calle,29,Calle,31,Avenida 60 entre Calle 29 y Calle 31,324,Casco Historico,2,"0,44"
Avenida,60,Calle,31,Calle,33,Avenida 60 entre Calle 31 y Calle 33,313,Casco Historico,"1,9","0,43"
Avenida,60,Calle,33,Calle,35,Avenida 60 entre Calle 33 y Calle 35,302,Casco Historico,"1,8","0,41"
Avenida,60,Calle,35,Calle,37,Avenida 60 entre Calle 35 y Calle 37,292,Casco Historico,"1,7","0,40"
Avenida,60,Calle,37,Calle,39,Avenida 60 entre Calle 37 y Calle 39,281,Casco Historico,"1,6","0,38"
Avenida,60,Calle,39,Calle,41,Avenida 60 entre Calle 39 y Calle 41,270,Casco Historico,"1,5","0,37"
Avenida,60,Calle,41,Calle,43,Avenida 60 entre Calle 41 y Calle 43,259,Casco Historico,"1,4","0,36"
Avenida,60,Calle,43,Calle,45,Avenida 60 entre Calle 43 y Calle 45,248,Casco Historico,"1,3","0,34"
Avenida,60,Calle,45,Calle,47,Avenida 60 entre Calle 45 y Calle 47,238,Casco Historico,"1,2","0,33"
Avenida,60,Calle,47,Calle,49,Avenida 60 entre Calle 47 y Calle 49,227,Casco Historico,"1,1","0,31"
Avenida,60,Calle,49,Calle,51,Avenida 60 entre Calle 49 y Calle 51,227,Casco Historico,"1,1","0,31"
Avenida,60,Calle,51,Calle,53,Avenida 60 entre Calle 51 y Calle 53,248,Casco Historico,"1,3","0,34"
Avenida,60,Calle,53,Calle,55,Avenida 60 entre Calle 53 y Calle 55,259,Casco Historico,"1,4","0,36"
Avenida,60,Calle,55,Calle,57,Avenida 60 entre Calle 55 y Calle 57,248,Casco Historico,"1,3","0,34"
Avenida,60,Calle,57,Calle,59,Avenida 60 entre Calle 57 y Calle 59,238,Casco Historico,"1,2","0,33"
Avenida,60,Calle,59,Calle,61,Avenida 60 entre Calle 59 y Calle 61,227,Casco Historico,"1,1","0,31"
Avenida,60,Calle,61,Calle,63,Avenida 60 entre Calle 61 y Calle 63,227,La Juanita,"1,1","0,31"
Avenida,60,Calle,63,Calle,65,Avenida 60 entre Calle 63 y Calle 65,238,La Juanita,"1,2","0,33"
Avenida,60,Calle,65,Calle,67,Avenida 60 entre Calle 65 y Calle 67,248,La Juanita,"1,3","0,34"
Avenida,60,Calle,67,Calle,69,Avenida 60 entre Calle 67 y Calle 69,259,La Juanita,"1,4","0,36"
Avenida,60,Calle,69,Calle,71,Avenida 60 entre Calle 69 y Calle 71,270,La Juanita,"1,5","0,37"
Avenida,60,Calle,71,Calle,73,Avenida 60 entre Calle 71 y Calle 73,281,La Juanita,"1,6","0,38"
Avenida,60,Calle,73,Calle,75,Avenida 60 entre Calle 73 y Calle 75,292,La Juanita,"1,7","0,40"
Avenida,60,Calle,75,Calle,77,Avenida 60 entre Calle 75 y Calle 77,302,Tulipan,"1,8","0,41"
Avenida,60,Calle,77,Calle,79,Avenida 60 entre Calle 77 y Calle 79,313,Tulipan,"1,9","0,43"
Avenida,60,Calle,79,Calle,81,Avenida 60 entre Calle 79 y Calle 81,324,Tulipan,2,"0,44"
Avenida,60,Calle,81,Calle,83,Avenida 60 entre Calle 81 y Calle 83,335,Tulipan,"2,1","0,46"
Avenida,60,Calle,83,Calle,85,Avenida 60 entre Calle 83 y Calle 85,346,Tulipan,"2,2","0,47"
Avenida,60,Calle,85,Calle,87,Avenida 60 entre Calle 85 y Calle 87,356,Tulipan,"2,3","0,49"
Avenida,60,Calle,87,Calle,89,Avenida 60 entre Calle 87 y Calle 89,367,Tulipan,"2,4","0,50"
Avenida,60,Calle,89,Calle,91,Avenida 60 entre Calle 89 y Calle 91,378,Tulipan,"2,5","0,52"
Avenida,60,Calle,91,Calle,93,Avenida 60 entre Calle 91 y Calle 93,389,Tulipan,"2,6","0,53"
Avenida,60,Calle,93,Calle,95,Avenida 60 entre Calle 93 y Calle 95,400,Tulipan,"2,7","0,55"
Avenida,62,Calle,23,Calle,25,Avenida 62 entre Calle 23 y Calle 25,378,Reina,"2,5","0,52"
Avenida,62,Calle,25,Calle,27,Avenida 62 entre Calle 25 y Calle 27,367,Reina,"2,4","0,50"
Avenida,62,Calle,27,Calle,29,Avenida 62 entre Calle 27 y Calle 29,356,Reina,"2,3","0,49"
Avenida,62,Calle,29,Calle,31,Avenida 62 entre Calle 29 y Calle 31,346,Reina,"2,2","0,47"
Avenida,62,Calle,31,Calle,33,Avenida 62 entre Calle 31 y Calle 33,335,Reina,"2,1","0,46"
Avenida,62,Calle,33,Calle,35,Avenida 62 entre Calle 33 y Calle 35,324,Reina,2,"0,44"
Avenida,62,Calle,35,Calle,37,Avenida 62 entre Calle 35 y Calle 37,313,Reina,"1,9","0,43"
Avenida,62,Calle,37,Calle,39,Avenida 62 entre Calle 37 y Calle 39,302,Casco Historico,"1,8","0,41"
Avenida,62,Calle,39,Calle,41,Avenida 62 entre Calle 39 y Calle 41,292,Casco Historico,"1,7","0,40"
Avenida,62,Calle,41,Calle,43,Avenida 62 entre Calle 41 y Calle 43,281,Casco Historico,"1,6","0,38"
Avenida,62,Calle,43,Calle,45,Avenida 62 entre Calle 43 y Calle 45,270,Casco Historico,"1,5","0,37"
Avenida,62,Calle,45,Calle,47,Avenida 62 entre Calle 45 y Calle 47,259,Casco Historico,"1,4","0,36"
Avenida,62,Calle,47,Calle,49,Avenida 62 entre Calle 47 y Calle 49,248,Casco Historico,"1,3","0,34"
Avenida,62,Calle,51,Calle,53,Avenida 62 entre Calle 51 y Calle 53,248,Casco Historico,"1,3","0,34"
Avenida,62,Calle,53,Calle,55,Avenida 62 entre Calle 53 y Calle 55,259,Casco Historico,"1,4","0,36"
Avenida,62,Calle,55,Calle,57,Avenida 62 entre Calle 55 y Calle 57,259,Casco Historico,"1,4","0,36"
Avenida,62,Calle,57,Calle,59,Avenida 62 entre Calle 57 y Calle 59,248,Casco Historico,"1,3","0,34"
Avenida,62,Calle,59,Calle,61,Avenida 62 entre Calle 59 y Calle 61,238,Casco Historico,"1,2","0,33"
Avenida,62,Calle,61,Calle,63,Avenida 62 entre Calle 61 y Calle 63,238,La Juanita,"1,2","0,33"
Avenida,62,Calle,63,Calle,65,Avenida 62 entre Calle 63 y Calle 65,259,La Juanita,"1,4","0,36"
Avenida,62,Calle,65,Calle,67,Avenida 62 entre Calle 65 y Calle 67,259,La Juanita,"1,4","0,36"
Avenida,62,Calle,67,Calle,69,Avenida 62 entre Calle 67 y Calle 69,270,La Juanita,"1,5","0,37"
Avenida,62,Calle,69,Calle,71,Avenida 62 entre Calle 69 y Calle 71,281,La Juanita,"1,6","0,38"
Avenida,62,Calle,71,Calle,73,Avenida 62 entre Calle 71 y Calle 73,292,La Juanita,"1,7","0,40"
Avenida,62,Calle,73,Calle,75,Avenida 62 entre Calle 73 y Calle 75,302,La Juanita,"1,8","0,41"
Avenida,62,Calle,75,Calle,77,Avenida 62 entre Calle 75 y Calle 77,313,Tulipan,"1,9","0,43"
Avenida,62,Calle,77,Calle,79,Avenida 62 entre Calle 77 y Calle 79,324,Tulipan,2,"0,44"
Avenida,62,Calle,79,Calle,81,Avenida 62 entre Calle 79 y Calle 81,335,Tulipan,"2,1","0,46"
Avenida,62,Calle,81,Calle,83,Avenida 62 entre Calle 81 y Calle 83,346,Tulipan,"2,2","0,47"
Avenida,62,Calle,83,Calle,85,Avenida 62 entre Calle 83 y Calle 85,356,Tulipan,"2,3","0,49"
Avenida,62,Calle,85,Calle,87,Avenida 62 entre Calle 85 y Calle 87,367,Tulipan,"2,4","0,50"
Avenida,62,Calle,87,Calle,89,Avenida 62 entre Calle 87 y Calle 89,378,Tulipan,"2,5","0,52"
Avenida,62,Calle,89,Calle,91,Avenida 62 entre Calle 89 y Calle 91,389,Tulipan,"2,6","0,53"
Avenida,62,Calle,91,Calle,93,Avenida 62 entre Calle 91 y Calle 93,400,Tulipan,"2,7","0,55"
Avenida,62,Calle,93,Calle,95,Avenida 62 entre Calle 93 y Calle 95,410,Tulipan,"2,8","0,56"
Avenida,64,Calle,29,Calle,31,Avenida 64 entre Calle 29 y Calle 31,346,Punta Gotica,"2,2","0,47"
Avenida,64,Calle,31,Calle,33,Avenida 64 entre Calle 31 y Calle 33,335,Punta Gotica,"2,1","0,46"
Avenida,64,Calle,33,Calle,35,Avenida 64 entre Calle 33 y Calle 35,324,Punta Gotica,2,"0,44"
Avenida,64,Calle,35,Calle,37,Avenida 64 entre Calle 35 y Calle 37,313,Punta Gotica,"1,9","0,43"
Avenida,64,Calle,37,Calle,39,Avenida 64 entre Calle 37 y Calle 39,302,San Lazaro,"1,8","0,41"
Avenida,64,Calle,39,Calle,41,Avenida 64 entre Calle 39 y Calle 41,292,San Lazaro,"1,7","0,40"
Avenida,64,Calle,41,Calle,45,Avenida 64 entre Calle 41 y Calle 45,281,San Lazaro,"1,6","0,38"
Avenida,64,Calle,45,Calle,47,Avenida 64 entre Calle 45 y Calle 47,281,San Lazaro,"1,6","0,38"
Avenida,64,Calle,47,Calle,49,Avenida 64 entre Calle 47 y Calle 49,270,San Lazaro,"1,5","0,37"
Avenida,64,Calle,49,Calle,51,Avenida 64 entre Calle 49 y Calle 51,270,San Lazaro,"1,5","0,37"
Avenida,64,Calle,51,Calle,53,Avenida 64 entre Calle 51 y Calle 53,281,San Lazaro,"1,6","0,38"
Avenida,64,Calle,53,Calle,55,Avenida 64 entre Calle 53 y Calle 55,292,San Lazaro,"1,7","0,40"
Avenida,64,Calle,55,Calle,57,Avenida 64 entre Calle 55 y Calle 57,302,San Lazaro,"1,8","0,41"
Avenida,64,Calle,57,Calle,59,Avenida 64 entre Calle 57 y Calle 59,313,San Lazaro,"1,9","0,43"
Avenida,64,Calle,59,Calle,61,Avenida 64 entre Calle 59 y Calle 61,324,San Lazaro,2,"0,44"
Avenida,64,Calle,61,Calle,63,Avenida 64 entre Calle 61 y Calle 63,335,San Lazaro,"2,1","0,46"
Avenida,64,Calle,63,Calle,65,Avenida 64 entre Calle 63 y Calle 65,356,La Juanita,"2,3","0,49"
Avenida,64,Calle,65,Calle,75,Avenida 64 entre Calle 65 y Calle 75,378,La Juanita,"2,5","0,52"
Avenida,64,Calle,75,Calle,77,Avenida 64 entre Calle 75 y Calle 77,389,Tulipan,"2,6","0,53"
Avenida,64,Calle,77,Calle,79,Avenida 64 entre Calle 77 y Calle 79,400,Tulipan,"2,7","0,55"
Avenida,64,Calle,79,Calle,81,Avenida 64 entre Calle 79 y Calle 81,410,Tulipan,"2,8","0,56"
Avenida,64,Calle,83,Calle,85,Avenida 64 entre Calle 83 y Calle 85,410,Tulipan,"2,8","0,56"
Avenida,64,Calle,85,Calle,87,Avenida 64 entre Calle 85 y Calle 87,421,Tulipan,"2,9","0,58"
Avenida,64,Calle,87,Calle,89,Avenida 64 entre Calle 87 y Calle 89,432,Buena Vista,3,"0,59"
Avenida,64,Calle,89,Calle,91,Avenida 64 entre Calle 89 y Calle 91,443,Buena Vista,"3,1","0,61"
Avenida,64,Calle,97,Calle,97A,Avenida 64 entre Calle 97 y Calle 97A,454,Buena Vista,"3,2","0,62"
Avenida,64,Calle,97A,Calle,99,Avenida 64 entre Calle 97A y Calle 99,464,Buena Vista,"3,3","0,64"
Avenida,64,Calle,99,Calle,101,Avenida 64 entre Calle 99 y Calle 101,475,Buena Vista,"3,4","0,65"
Avenida,64,Calle,101,Calle,103,Avenida 64 entre Calle 101 y Calle 103,486,Buena Vista,"3,5","0,67"
Avenida,64,Calle,103,Calle,105,Avenida 64 entre Calle 103 y Calle 105,497,Buena Vista,"3,6","0,68"
Avenida,64,Calle,105,Calle,107,Avenida 64 entre Calle 105 y Calle 107,508,Buena Vista,"3,7","0,70"
Avenida,64,Calle,107,Calle,109,Avenida 64 entre Calle 107 y Calle 109,518,Buena Vista,"3,8","0,71"
Avenida,64,Calle,109,Calle,111,Avenida 64 entre Calle 109 y Calle 111,529,Buena Vista,"3,9","0,72"
Avenida,64,Calle,111,Calle,113,Avenida 64 entre Calle 111 y Calle 113,540,Buena Vista,4,"0,74"
Avenida,64,Calle,113,Calle,CIRCUNVALACION,Avenida 64 entre Calle 113 y Calle CIRCUNVALACION,551,Buena Vista,"4,1","0,75"
Avenida,64,Calle,115,Calle,117,Avenida 64 entre Calle 115 y Calle 117,637,Buena Vista,"4,9","0,87"
Avenida,64,Calle,117,Calle,119,Avenida 64 entre Calle 117 y Calle 119,648,Buena Vista,5,"0,89"
Avenida,64,Calle,119,Calle,121,Avenida 64 entre Calle 119 y Calle 121,659,Buena Vista,"5,1","0,90"
Avenida,64,Calle,121,Calle,121A,Avenida 64 entre Calle 121 y Calle 121A,670,Buena Vista,"5,2","0,92"
Avenida,64,Calle,121A,Calle,123,Avenida 64 entre Calle 121A y Calle 123,680,Buena Vista,"5,3","0,93"
Avenida,64,Calle,123,Calle,125,Avenida 64 entre Calle 123 y Calle 125,691,La esperanza,"5,4","0,95"
Avenida,64,Calle,125,Calle,127,Avenida 64 entre Calle 125 y Calle 127,702,La esperanza,"5,5","0,96"
Avenida,64,Calle,127,Calle,129,Avenida 64 entre Calle 127 y Calle 129,713,La esperanza,"5,6","0,98"
Avenida,64,Calle,129,Calle,133,Avenida 64 entre Calle 129 y Calle 133,724,La esperanza,"5,7","0,99"
Avenida,64,Calle,133,Calle,135,Avenida 64 entre Calle 133 y Calle 135,734,La esperanza,"5,8","1,01"
Avenida,64,Calle,A,Calle,B,Avenida 64 entre Calle A y Calle B,886,Caunao,"7,2","1,21"
Avenida,64,Calle,B,Calle,C,Avenida 64 entre Calle B y Calle C,875,Caunao,"7,1","1,20"
Avenida,64,Calle,C,Calle,D,Avenida 64 entre Calle C y Calle D,864,Caunao,7,"1,18"
Avenida,64,Calle,D,Calle,E,Avenida 64 entre Calle D y Calle E,853,Caunao,"6,9","1,17"
Avenida,64,Calle,E,Calle,F,Avenida 64 entre Calle E y Calle F,842,Caunao,"6,8","1,15"
Avenida,64,Calle,F,Calle,G,Avenida 64 entre Calle F y Calle G,832,Caunao,"6,7","1,14"
Avenida,64,Calle,A,Calle,CENTRAL,Avenida 64 entre Calle A y Calle CENTRAL,907,Caunao,"7,4","1,24"
Avenida,64,Calle,BAEZ,Calle,CENTRAL,Avenida 64 entre Calle BAEZ y Calle CENTRAL,918,Caunao,"7,5","1,26"
Avenida,64,Calle,POZO,Calle,BAEZ,Avenida 64 entre Calle POZO y Calle BAEZ,929,Caunao,"7,6","1,27"
Avenida,64,Calle,ALEGRIA,Calle,POZO,Avenida 64 entre Calle ALEGRIA y Calle POZO,940,Caunao,"7,7","1,29"
Avenida,64,Calle,VILLALOBOS,Calle,ALEGRIA,Avenida 64 entre Calle VILLALOBOS y Calle ALEGRIA,950,Caunao,"7,8","1,30"
Avenida,64,Calle,SAN JOSE ,Calle,ALEGRIA,Avenida 64 entre Calle SAN JOSE  y Calle ALEGRIA,961,Caunao,"7,9","1,32"
Avenida,64,Calle,COLON,Calle,SAN JOSE,Avenida 64 entre Calle COLON y Calle SAN JOSE,972,Caunao,8,"1,33"
Avenida,64,Calle,CASTILLO ,Calle,COLON,Avenida 64 entre Calle CASTILLO  y Calle COLON,983,Caunao,"8,1","1,35"
Avenida,64,Calle,ESTE ,Calle,CASTILLO,Avenida 64 entre Calle ESTE  y Calle CASTILLO,994,Caunao,"8,2","1,36"
Avenida,64,Calle,SAN JOAQUIN PALMA,Calle,ESTE,Avenida 64 entre Calle SAN JOAQUIN PALMA y Calle ESTE,1004,Caunao,"8,3","1,38"
Avenida,CARRETERA CAUNAO,Calle,SAN JOAQUIN PALMA,Calle,PALMA,Avenida CARRETERA CAUNAO entre Calle SAN JOAQUIN PALMA y Calle PALMA,1015,Caunao,"8,4","1,39"
Calle,1,Calle,POZO,Calle,Final,Calle 1 entre Calle POZO y Calle Final,940,Caunao,"7,7","1,29"
Calle,1,Calle,POZO,Calle,BAEZ,Calle 1 entre Calle POZO y Calle BAEZ,929,Caunao,"7,6","1,27"
Calle,1,Calle,BAEZ,Calle,CENTRAL,Calle 1 entre Calle BAEZ y Calle CENTRAL,918,Caunao,"7,5","1,26"
Calle,1,Calle,A,Calle,B,Calle 1 entre Calle A y Calle B,907,Caunao,"7,4","1,24"
Calle,1,Calle,B,Calle,C,Calle 1 entre Calle B y Calle C,896,Caunao,"7,3","1,23"
Calle,1,Calle,C,Calle,D,Calle 1 entre Calle C y Calle D,886,Caunao,"7,2","1,21"
Calle,1,Calle,D,Calle,E,Calle 1 entre Calle D y Calle E,875,Caunao,"7,1","1,20"
Calle,2,Calle,POZO,Calle,BAEZ,Calle 2 entre Calle POZO y Calle BAEZ,950,Caunao,"7,8","1,30"
Calle,2,Calle,BAEZ,Calle,CENTRAL,Calle 2 entre Calle BAEZ y Calle CENTRAL,940,Caunao,"7,7","1,29"
Calle,2,Calle,CENTRAL,Calle,LINEA,Calle 2 entre Calle CENTRAL y Calle LINEA,929,Caunao,"7,6","1,27"
Calle,2,Calle,LINEA,Calle,A,Calle 2 entre Calle LINEA y Calle A,929,Caunao,"7,6","1,27"
Calle,2,Calle,A,Calle,B,Calle 2 entre Calle A y Calle B,896,Caunao,"7,3","1,23"
Calle,2,Calle,B,Calle,C,Calle 2 entre Calle B y Calle C,886,Caunao,"7,2","1,21"
Calle,2,Calle,C,Calle,D,Calle 2 entre Calle C y Calle D,875,Caunao,"7,1","1,20"
Calle,2,Calle,D,Calle,E,Calle 2 entre Calle D y Calle E,864,Caunao,7,"1,18"
Calle,2,Calle,E,Calle,F,Calle 2 entre Calle E y Calle F,864,Caunao,7,"1,18"
Calle,2,Calle,F,Calle,G,Calle 2 entre Calle F y Calle G,853,Caunao,"6,9","1,17"
Calle,2,Calle,G,Calle,Final,Calle 2 entre Calle G y Calle Final,853,Caunao,"6,9","1,17"
Calle,LINEA,Calle,CENTRAL,Calle,2,Calle LINEA entre Calle CENTRAL y Calle 2,929,Caunao,"7,6","1,27"
Calle,LINEA,Calle,2,Calle,A,Calle LINEA entre Calle 2 y Calle A,940,Caunao,"7,7","1,29"
Calle,LINEA,Calle,A,Calle,B,Calle LINEA entre Calle A y Calle B,929,Caunao,"7,6","1,27"
Calle,3,Calle,BAEZ,Calle,CENTRAL,Calle 3 entre Calle BAEZ y Calle CENTRAL,940,Caunao,"7,7","1,29"
Calle,3,Calle,CENTRAL,Calle,Final,Calle 3 entre Calle CENTRAL y Calle Final,940,Caunao,"7,7","1,29"
Calle,3,Calle,B,Calle,C,Calle 3 entre Calle B y Calle C,896,Caunao,"7,3","1,23"
Calle,3,Calle,C,Calle,D,Calle 3 entre Calle C y Calle D,886,Caunao,"7,2","1,21"
Calle,3,Calle,D,Calle,E,Calle 3 entre Calle D y Calle E,886,Caunao,"7,2","1,21"
Calle,3,Calle,E,Calle,F,Calle 3 entre Calle E y Calle F,875,Caunao,"7,1","1,20"
Calle,3,Calle,F,Calle,G,Calle 3 entre Calle F y Calle G,864,Caunao,7,"1,18"
Calle,4,Calle,B,Calle,Final,Calle 4 entre Calle B y Calle Final,929,Caunao,"7,6","1,27"
Calle,4,Calle,B,Calle,C,Calle 4 entre Calle B y Calle C,896,Caunao,"7,3","1,23"
Calle,4,Calle,C,Calle,D,Calle 4 entre Calle C y Calle D,886,Caunao,"7,2","1,21"
Calle,4,Calle,D,Calle,E,Calle 4 entre Calle D y Calle E,886,Caunao,"7,2","1,21"
Calle,4,Calle,E,Calle,F,Calle 4 entre Calle E y Calle F,875,Caunao,"7,1","1,20"
Calle,4,Calle,F,Calle,G,Calle 4 entre Calle F y Calle G,875,Caunao,"7,1","1,20"
Calle,5,Calle,B,Calle,Final,Calle 5 entre Calle B y Calle Final,940,Caunao,"7,7","1,29"
Calle,5,Calle,B,Calle,C,Calle 5 entre Calle B y Calle C,907,Caunao,"7,4","1,24"
Calle,5,Calle,C,Calle,D,Calle 5 entre Calle C y Calle D,907,Caunao,"7,4","1,24"
Calle,5,Calle,D,Calle,E,Calle 5 entre Calle D y Calle E,896,Caunao,"7,3","1,23"
Calle,5,Calle,E,Calle,F,Calle 5 entre Calle E y Calle F,896,Caunao,"7,3","1,23"
Calle,5,Calle,F,Calle,G,Calle 5 entre Calle F y Calle G,886,Caunao,"7,2","1,21"
Calle,6,Calle,F,Calle,G,Calle 6 entre Calle F y Calle G,907,Caunao,"7,4","1,24"
Calle,7,Calle,D1,Calle,E,Calle 7 entre Calle D1 y Calle E,940,Caunao Sur,"7,7","1,29"
Calle,7,Calle,E,Calle,E1,Calle 7 entre Calle E y Calle E1,940,Caunao Sur,"7,7","1,29"
Calle,8,Calle,D1,Calle,E,Calle 8 entre Calle D1 y Calle E,940,Caunao Sur,"7,7","1,29"
Calle,8,Calle,E,Calle,E1,Calle 8 entre Calle E y Calle E1,940,Caunao Sur,"7,7","1,29"
Calle,8,Calle,E1,Calle,F,Calle 8 entre Calle E1 y Calle F,907,Caunao Sur,"7,4","1,24"
Calle,8,Calle,F,Calle,F1,Calle 8 entre Calle F y Calle F1,896,Caunao Sur,"7,3","1,23"
Calle,8,Calle,F1,Calle,F2,Calle 8 entre Calle F1 y Calle F2,886,Caunao Sur,"7,2","1,21"
Calle,8,Calle,F2,Calle,F3,Calle 8 entre Calle F2 y Calle F3,896,Caunao Sur,"7,3","1,23"
Calle,8,Calle,F3,Calle,G,Calle 8 entre Calle F3 y Calle G,886,Caunao Sur,"7,2","1,21"
Calle,9,Calle,D1,Calle,E,Calle 9 entre Calle D1 y Calle E,929,Caunao Sur,"7,6","1,27"
Calle,9,Calle,E,Calle,E1,Calle 9 entre Calle E y Calle E1,918,Caunao Sur,"7,5","1,26"
Calle,9,Calle,E1,Calle,F,Calle 9 entre Calle E1 y Calle F,907,Caunao Sur,"7,4","1,24"
Calle,9,Calle,F,Calle,F1,Calle 9 entre Calle F y Calle F1,896,Caunao Sur,"7,3","1,23"
Calle,9,Calle,F1,Calle,F2,Calle 9 entre Calle F1 y Calle F2,886,Caunao Sur,"7,2","1,21"
Calle,9,Calle,F2,Calle,F3,Calle 9 entre Calle F2 y Calle F3,886,Caunao Sur,"7,2","1,21"
Calle,9,Calle,F3,Calle,G,Calle 9 entre Calle F3 y Calle G,886,Caunao Sur,"7,2","1,21"
Calle,REAL,Calle,OESTE,Calle,MATADERO,Calle REAL entre Calle OESTE y Calle MATADERO,929,Caunao,"7,6","1,27"
Calle,REAL,Calle,MATADERO,Calle,ALEGRIA,Calle REAL entre Calle MATADERO y Calle ALEGRIA,940,Caunao,"7,7","1,29"
Calle,REAL,Calle,ALEGRIA ,Calle,VILLALOBOS,Calle REAL entre Calle ALEGRIA  y Calle VILLALOBOS,950,Caunao,"7,8","1,30"
Calle,REAL,Calle,OESTE,Calle,Final,Calle REAL entre Calle OESTE y Calle Final,929,Caunao,"7,6","1,27"
Calle,SAN MIGUEL,Calle,ALEGRIA ,Calle,VILLALOBOS,Calle SAN MIGUEL entre Calle ALEGRIA  y Calle VILLALOBOS,961,Caunao,"7,9","1,32"
Calle,PASEO,Avenida,64,Calle,REAL,Calle PASEO entre Avenida 64 y Calle REAL,940,Caunao,"7,7","1,29"
Calle,CIRUELA,Calle,ALEGRIA,Calle,VILLALOBOS,Calle CIRUELA entre Calle ALEGRIA y Calle VILLALOBOS,961,Caunao,"7,9","1,32"
Calle,SAN JOAQUIN,Calle,ALEGRIA,Calle,SAN JOSE,Calle SAN JOAQUIN entre Calle ALEGRIA y Calle SAN JOSE,983,Caunao,"8,1","1,35"
Calle,SAN JOAQUIN,Calle,SAN JOSE ,Calle,COLON,Calle SAN JOAQUIN entre Calle SAN JOSE  y Calle COLON,983,Caunao,"8,1","1,35"
Calle,SAN JOAQUIN,Calle,COLON,Calle,CASTILLO,Calle SAN JOAQUIN entre Calle COLON y Calle CASTILLO,994,Caunao,"8,2","1,36"
Calle,SAN JOAQUIN,Calle,CASTILLO ,Calle,ESTE,Calle SAN JOAQUIN entre Calle CASTILLO  y Calle ESTE,1004,Caunao,"8,3","1,38"
Calle,PALMA,Calle,ALEGRIA,Calle,SAN JOSE,Calle PALMA entre Calle ALEGRIA y Calle SAN JOSE,994,Caunao,"8,2","1,36"
Calle,PALMA,Calle,SAN JOSE ,Calle,COLON,Calle PALMA entre Calle SAN JOSE  y Calle COLON,994,Caunao,"8,2","1,36"
Calle,PALMA,Calle,COLON,Calle,CASTILLO,Calle PALMA entre Calle COLON y Calle CASTILLO,1004,Caunao,"8,3","1,38"
Calle,PALMA,Calle,CASTILLO ,Calle,ESTE,Calle PALMA entre Calle CASTILLO  y Calle ESTE,1015,Caunao,"8,4","1,39"
Calle,PALMA,Calle,ESTE ,Avenida,64,Calle PALMA entre Calle ESTE  y Avenida 64,1026,Caunao,"8,5","1,41"
Calle,SUR,Calle,CAMPO,Calle,MEDIO,Calle SUR entre Calle CAMPO y Calle MEDIO,1004,Caunao,"8,3","1,38"
Calle,SUR,Calle,MEDIO,Calle,ALEGRIA,Calle SUR entre Calle MEDIO y Calle ALEGRIA,1015,Caunao,"8,4","1,39"
Calle,SUR,Calle,ALEGRIA,Calle,SAN JOSE,Calle SUR entre Calle ALEGRIA y Calle SAN JOSE,1004,Caunao,"8,3","1,38"
Calle,MIRAMONTE,Calle,CAMPO,Calle,SAN JOSE,Calle MIRAMONTE entre Calle CAMPO y Calle SAN JOSE,1026,Caunao,"8,5","1,41"
Calle,PORTADA LA JOSEFA,Calle,PORTADA LA JOSEFA,Calle,PORTADA LA JOSEFA,Calle PORTADA LA JOSEFA entre Calle PORTADA LA JOSEFA y Calle PORTADA LA JOSEFA,1037,Caunao,"8,6","1,42"
Calle,SAN JOAQUIN,Calle,ESTE ,Avenida,64,Calle SAN JOAQUIN entre Calle ESTE  y Avenida 64,1015,Caunao,"8,4","1,39"
Avenida,CARRETERA CAUNAO,Calle,PALMA,Calle,CIRCUITO SUR,Avenida CARRETERA CAUNAO entre Calle PALMA y Calle CIRCUITO SUR,1026,Caunao,"8,5","1,41"
Avenida,64A,Calle,51,Calle,53,Avenida 64A entre Calle 51 y Calle 53,259,Casco Historico,"1,4","0,36"
Avenida,64A,Calle,53,Calle,55,Avenida 64A entre Calle 53 y Calle 55,270,Casco Historico,"1,5","0,37"
Avenida,64A,Calle,55,Calle,57,Avenida 64A entre Calle 55 y Calle 57,270,Casco Historico,"1,5","0,37"
Avenida,64A,Calle,57,Calle,59,Avenida 64A entre Calle 57 y Calle 59,259,Casco Historico,"1,4","0,36"
Avenida,64A,Calle,59,Calle,61,Avenida 64A entre Calle 59 y Calle 61,248,Casco Historico,"1,3","0,34"
Avenida,64A,Calle,61,Calle,63,Avenida 64A entre Calle 61 y Calle 63,248,La Juanita,"1,3","0,34"
Avenida,64A,Calle,65,Calle,67,Avenida 64A entre Calle 65 y Calle 67,270,La Juanita,"1,5","0,37"
Avenida,64A,Calle,67,Calle,69,Avenida 64A entre Calle 67 y Calle 69,281,La Juanita,"1,6","0,38"
Avenida,64A,Calle,69,Calle,71,Avenida 64A entre Calle 69 y Calle 71,292,La Juanita,"1,7","0,40"
Avenida,64A,Calle,71,Calle,73,Avenida 64A entre Calle 71 y Calle 73,302,La Juanita,"1,8","0,41"
Avenida,64A,Calle,73,Calle,75,Avenida 64A entre Calle 73 y Calle 75,313,La Juanita,"1,9","0,43"
Avenida,64A,Calle,75,Calle,77,Avenida 64A entre Calle 75 y Calle 77,324,Tulipan,2,"0,44"
Avenida,64A,Calle,77,Calle,79,Avenida 64A entre Calle 77 y Calle 79,335,Tulipan,"2,1","0,46"
Avenida,64A,Calle,79,Calle,81,Avenida 64A entre Calle 79 y Calle 81,346,Tulipan,"2,2","0,47"
Avenida,64A,Calle,81,Calle,83,Avenida 64A entre Calle 81 y Calle 83,356,Tulipan,"2,3","0,49"
Avenida,64A,Calle,83,Calle,85,Avenida 64A entre Calle 83 y Calle 85,367,Tulipan,"2,4","0,50"
Avenida,64A,Calle,85,Calle,87,Avenida 64A entre Calle 85 y Calle 87,378,Tulipan,"2,5","0,52"
Avenida,64A,Calle,87,Calle,89,Avenida 64A entre Calle 87 y Calle 89,389,Tulipan,"2,6","0,53"
Avenida,64A,Calle,89,Calle,91,Avenida 64A entre Calle 89 y Calle 91,400,Tulipan,"2,7","0,55"
Avenida,64A,Calle,91,Calle,93,Avenida 64A entre Calle 91 y Calle 93,410,Tulipan,"2,8","0,56"
Calle,2 NE,Calle,45,Calle,47,Calle 2 NE entre Calle 45 y Calle 47,281,Casco Historico,"1,6","0,38"
Calle,2 NE,Calle,47,Calle,49,Calle 2 NE entre Calle 47 y Calle 49,270,Casco Historico,"1,5","0,37"
Calle,2 NE,Calle,49,Calle,51,Calle 2 NE entre Calle 49 y Calle 51,270,Casco Historico,"1,5","0,37"
Calle,2 NE,Calle,51,Calle,53,Calle 2 NE entre Calle 51 y Calle 53,270,Casco Historico,"1,5","0,37"
Calle,2 NE,Calle,53,Calle,55,Calle 2 NE entre Calle 53 y Calle 55,281,Casco Historico,"1,6","0,38"
Calle,2 NE,Calle,55,Calle,57,Calle 2 NE entre Calle 55 y Calle 57,292,Casco Historico,"1,7","0,40"
Calle,2 NE,Calle,57,Calle,59,Calle 2 NE entre Calle 57 y Calle 59,302,Casco Historico,"1,8","0,41"
Calle,2 NE,Calle,59,Calle,61,Calle 2 NE entre Calle 59 y Calle 61,302,Casco Historico,"1,8","0,41"
Calle,2 NE,Calle,61,Calle,63,Calle 2 NE entre Calle 61 y Calle 63,302,La Juanita,"1,8","0,41"
Calle,2 NE,Calle,83,Calle,85,Calle 2 NE entre Calle 83 y Calle 85,454,Tulipan,"3,2","0,62"
Calle,2 NE,Calle,85,Calle,87,Calle 2 NE entre Calle 85 y Calle 87,454,Tulipan,"3,2","0,62"
Calle,4 NE,Calle,47,Calle,49,Calle 4 NE entre Calle 47 y Calle 49,248,Casco Historico,"1,3","0,34"
Calle,4 NE,Calle,49,Calle,51,Calle 4 NE entre Calle 49 y Calle 51,248,Casco Historico,"1,3","0,34"
Calle,4 NE,Calle,51,Calle,53,Calle 4 NE entre Calle 51 y Calle 53,259,Casco Historico,"1,4","0,36"
Calle,4 NE,Calle,53,Calle,55,Calle 4 NE entre Calle 53 y Calle 55,270,Casco Historico,"1,5","0,37"
Calle,4 NE,Calle,55,Calle,57,Calle 4 NE entre Calle 55 y Calle 57,281,Casco Historico,"1,6","0,38"
Calle,4 NE,Calle,57,Calle,59,Calle 4 NE entre Calle 57 y Calle 59,302,Casco Historico,"1,8","0,41"
Calle,4 NE,Calle,59,Calle,61,Calle 4 NE entre Calle 59 y Calle 61,292,Casco Historico,"1,7","0,40"
Calle,4 NE,Calle,61,Calle,63,Calle 4 NE entre Calle 61 y Calle 63,292,La Juanita,"1,7","0,40"
Calle,4 NE,Calle,65,Calle,67,Calle 4 NE entre Calle 65 y Calle 67,302,La Juanita,"1,8","0,41"
Calle,4 NE,Calle,73,Calle,75,Calle 4 NE entre Calle 73 y Calle 75,378,La Juanita,"2,5","0,52"
Calle,4 NE,Calle,75,Calle,77,Calle 4 NE entre Calle 75 y Calle 77,389,Tulipan,"2,6","0,53"
Calle,4 NE,Calle,77,Calle,79,Calle 4 NE entre Calle 77 y Calle 79,400,Tulipan,"2,7","0,55"
Calle,4 NE,Calle,79,Calle,81,Calle 4 NE entre Calle 79 y Calle 81,410,Tulipan,"2,8","0,56"
Calle,4 NE,Calle,81,Calle,83,Calle 4 NE entre Calle 81 y Calle 83,421,Tulipan,"2,9","0,58"
Calle,4 NE,Calle,83,Calle,85,Calle 4 NE entre Calle 83 y Calle 85,432,Tulipan,3,"0,59"
Calle,4 NE,Calle,85,Calle,87,Calle 4 NE entre Calle 85 y Calle 87,443,Tulipan,"3,1","0,61"
Calle,4 NE,Calle,87,Calle,89,Calle 4 NE entre Calle 87 y Calle 89,454,Tulipan,"3,2","0,62"
Calle,4 NE,Calle,111,Calle,CIRCUNVALACION,Calle 4 NE entre Calle 111 y Calle CIRCUNVALACION,540,Tulipan,4,"0,74"
Calle,6 NE,Calle,53,Calle,55,Calle 6 NE entre Calle 53 y Calle 55,292,Casco Historico,"1,7","0,40"
Calle,6 NE,Calle,55,Calle,57,Calle 6 NE entre Calle 55 y Calle 57,302,Casco Historico,"1,8","0,41"
Calle,6 NE,Calle,57,Calle,59,Calle 6 NE entre Calle 57 y Calle 59,302,Casco Historico,"1,8","0,41"
Calle,6 NE,Calle,59,Calle,61,Calle 6 NE entre Calle 59 y Calle 61,292,Casco Historico,"1,7","0,40"
Calle,6 NE,Calle,61,Calle,63,Calle 6 NE entre Calle 61 y Calle 63,281,La Juanita,"1,6","0,38"
Calle,6 NE,Calle,63,Calle,65,Calle 6 NE entre Calle 63 y Calle 65,292,La Juanita,"1,7","0,40"
Calle,6 NE,Calle,65,Calle,67,Calle 6 NE entre Calle 65 y Calle 67,367,La Juanita,"2,4","0,50"
Calle,6 NE,Calle,73,Calle,75,Calle 6 NE entre Calle 73 y Calle 75,367,La Juanita,"2,4","0,50"
Calle,6 NE,Calle,75,Calle,77,Calle 6 NE entre Calle 75 y Calle 77,378,Tulipan,"2,5","0,52"
Calle,6 NE,Calle,77,Calle,79,Calle 6 NE entre Calle 77 y Calle 79,389,Tulipan,"2,6","0,53"
Calle,6 NE,Calle,79,Calle,81,Calle 6 NE entre Calle 79 y Calle 81,400,Tulipan,"2,7","0,55"
Calle,6 NE,Calle,81,Calle,85,Calle 6 NE entre Calle 81 y Calle 85,410,Tulipan,"2,8","0,56"
Calle,6 NE,Calle,85,Calle,87,Calle 6 NE entre Calle 85 y Calle 87,421,Tulipan,"2,9","0,58"
Calle,6 NE,Calle,87,Calle,89,Calle 6 NE entre Calle 87 y Calle 89,432,Tulipan,3,"0,59"
Calle,6 NE,Calle,99,Calle,101,Calle 6 NE entre Calle 99 y Calle 101,464,Tulipan,"3,3","0,64"
Calle,6 NE,Calle,101,Calle,103,Calle 6 NE entre Calle 101 y Calle 103,475,Tulipan,"3,4","0,65"
Calle,6 NE,Calle,111,Calle,CIRCUNVALACION,Calle 6 NE entre Calle 111 y Calle CIRCUNVALACION,529,Tulipan,"3,9","0,72"
Calle,8 NE,Calle,57,Calle,59,Calle 8 NE entre Calle 57 y Calle 59,281,La Juanita,"1,6","0,38"
Calle,8 NE,Calle,59,Calle,61,Calle 8 NE entre Calle 59 y Calle 61,270,La Juanita,"1,5","0,37"
Calle,8 NE,Calle,61,Calle,63,Calle 8 NE entre Calle 61 y Calle 63,270,La Juanita,"1,5","0,37"
Calle,8 NE,Calle,63,Calle,65,Calle 8 NE entre Calle 63 y Calle 65,281,La Juanita,"1,6","0,38"
Calle,8 NE,Calle,65,Calle,67,Calle 8 NE entre Calle 65 y Calle 67,281,La Juanita,"1,6","0,38"
Calle,8 NE,Calle,73,Calle,75,Calle 8 NE entre Calle 73 y Calle 75,356,La Juanita,"2,3","0,49"
Calle,8 NE,Calle,75,Calle,77,Calle 8 NE entre Calle 75 y Calle 77,367,Tulipan,"2,4","0,50"
Calle,8 NE,Calle,77,Calle,79,Calle 8 NE entre Calle 77 y Calle 79,378,Tulipan,"2,5","0,52"
Calle,8 NE,Calle,79,Calle,81,Calle 8 NE entre Calle 79 y Calle 81,389,Tulipan,"2,6","0,53"
Calle,8 NE,Calle,81,Calle,85,Calle 8 NE entre Calle 81 y Calle 85,400,Tulipan,"2,7","0,55"
Calle,8 NE,Calle,85,Calle,87,Calle 8 NE entre Calle 85 y Calle 87,410,Tulipan,"2,8","0,56"
Calle,8 NE,Calle,87,Calle,89,Calle 8 NE entre Calle 87 y Calle 89,421,Tulipan,"2,9","0,58"
Calle,8 NE,Calle,89,Calle,91,Calle 8 NE entre Calle 89 y Calle 91,432,Tulipan,3,"0,59"
Calle,8 NE,Calle,111,Calle,CIRCUNVALACION,Calle 8 NE entre Calle 111 y Calle CIRCUNVALACION,529,Tulipan,"3,9","0,72"
Calle,10 NE,Calle,63,Calle,65,Calle 10 NE entre Calle 63 y Calle 65,281,La Juanita,"1,6","0,38"
Calle,10 NE,Calle,71,Calle,73,Calle 10 NE entre Calle 71 y Calle 73,335,La Juanita,"2,1","0,46"
Calle,10 NE,Calle,73,Calle,75,Calle 10 NE entre Calle 73 y Calle 75,346,La Juanita,"2,2","0,47"
Calle,10 NE,Calle,75,Calle,77,Calle 10 NE entre Calle 75 y Calle 77,356,Tulipan,"2,3","0,49"
Calle,10 NE,Calle,77,Calle,79,Calle 10 NE entre Calle 77 y Calle 79,367,Tulipan,"2,4","0,50"
Calle,10 NE,Calle,79,Calle,81,Calle 10 NE entre Calle 79 y Calle 81,378,Tulipan,"2,5","0,52"
Calle,10 NE,Calle,85,Calle,87,Calle 10 NE entre Calle 85 y Calle 87,389,Tulipan,"2,6","0,53"
Calle,10 NE,Calle,87,Calle,89,Calle 10 NE entre Calle 87 y Calle 89,400,Tulipan,"2,7","0,55"
Calle,10 NE,Calle,89,Calle,93,Calle 10 NE entre Calle 89 y Calle 93,410,Tulipan,"2,8","0,56"
Calle,10 NE,Calle,99,Calle,101,Calle 10 NE entre Calle 99 y Calle 101,454,Tulipan,"3,2","0,62"
Calle,10 NE,Calle,101,Calle,103,Calle 10 NE entre Calle 101 y Calle 103,464,Tulipan,"3,3","0,64"
Calle,10 NE,Calle,103,Calle,105,Calle 10 NE entre Calle 103 y Calle 105,475,Tulipan,"3,4","0,65"
Calle,10 NE,Calle,105,Calle,107,Calle 10 NE entre Calle 105 y Calle 107,486,Tulipan,"3,5","0,67"
Calle,10 NE,Calle,107,Calle,109,Calle 10 NE entre Calle 107 y Calle 109,497,Tulipan,"3,6","0,68"
Calle,10 NE,Calle,109,Calle,111,Calle 10 NE entre Calle 109 y Calle 111,508,Tulipan,"3,7","0,70"
Calle,12 NE,Calle,67,Calle,71,Calle 12 NE entre Calle 67 y Calle 71,292,La Juanita,"1,7","0,40"
Calle,12 NE,Calle,71,Calle,73,Calle 12 NE entre Calle 71 y Calle 73,302,La Juanita,"1,8","0,41"
Calle,12 NE,Calle,73,Calle,75,Calle 12 NE entre Calle 73 y Calle 75,313,La Juanita,"1,9","0,43"
Calle,12 NE,Calle,75,Calle,77,Calle 12 NE entre Calle 75 y Calle 77,324,Tulipan,2,"0,44"
Calle,12 NE,Calle,77,Calle,79,Calle 12 NE entre Calle 77 y Calle 79,335,Tulipan,"2,1","0,46"
Calle,12 NE,Calle,79,Calle,81,Calle 12 NE entre Calle 79 y Calle 81,346,Tulipan,"2,2","0,47"
Calle,12 NE,Calle,81,Calle,85,Calle 12 NE entre Calle 81 y Calle 85,378,Tulipan,"2,5","0,52"
Calle,12 NE,Calle,85,Calle,87,Calle 12 NE entre Calle 85 y Calle 87,389,Tulipan,"2,6","0,53"
Calle,12 NE,Calle,87,Calle,89,Calle 12 NE entre Calle 87 y Calle 89,400,Tulipan,"2,7","0,55"
Calle,12 NE,Calle,89,Calle,93,Calle 12 NE entre Calle 89 y Calle 93,410,Tulipan,"2,8","0,56"
Calle,12 NE,Calle,93,Calle,97,Calle 12 NE entre Calle 93 y Calle 97,421,Tulipan,"2,9","0,58"
Calle,12 NE,Calle,97,Calle,99,Calle 12 NE entre Calle 97 y Calle 99,432,Tulipan,3,"0,59"
Calle,12 NE,Calle,99,Calle,101,Calle 12 NE entre Calle 99 y Calle 101,443,Tulipan,"3,1","0,61"
Calle,12 NE,Calle,101,Calle,103,Calle 12 NE entre Calle 101 y Calle 103,454,Tulipan,"3,2","0,62"
Calle,12 NE,Calle,103,Calle,105,Calle 12 NE entre Calle 103 y Calle 105,464,Tulipan,"3,3","0,64"
Calle,12 NE,Calle,105,Calle,107,Calle 12 NE entre Calle 105 y Calle 107,475,Tulipan,"3,4","0,65"
Calle,12 NE,Calle,107,Calle,109,Calle 12 NE entre Calle 107 y Calle 109,486,Tulipan,"3,5","0,67"
Calle,12 NE,Calle,109,Calle,119,Calle 12 NE entre Calle 109 y Calle 119,486,Tulipan,"3,5","0,67"
Calle,14 NE,Calle,64A,Calle,71,Calle 14 NE entre Calle 64A y Calle 71,313,La Juanita,"1,9","0,43"
Calle,14 NE,Calle,71,Calle,73,Calle 14 NE entre Calle 71 y Calle 73,313,La Juanita,"1,9","0,43"
Calle,14 NE,Calle,73,Calle,75,Calle 14 NE entre Calle 73 y Calle 75,324,La Juanita,2,"0,44"
Calle,14 NE,Calle,75,Calle,77,Calle 14 NE entre Calle 75 y Calle 77,335,Tulipan,"2,1","0,46"
Calle,14 NE,Calle,77,Calle,79,Calle 14 NE entre Calle 77 y Calle 79,346,Tulipan,"2,2","0,47"
Calle,14 NE,Calle,79,Calle,81,Calle 14 NE entre Calle 79 y Calle 81,356,Tulipan,"2,3","0,49"
Calle,14 NE,Calle,81,Calle,85,Calle 14 NE entre Calle 81 y Calle 85,367,Tulipan,"2,4","0,50"
Calle,14 NE,Calle,85,Calle,87,Calle 14 NE entre Calle 85 y Calle 87,378,Tulipan,"2,5","0,52"
Calle,14 NE,Calle,87,Calle,89,Calle 14 NE entre Calle 87 y Calle 89,389,Tulipan,"2,6","0,53"
Calle,14 NE,Calle,89,Calle,93,Calle 14 NE entre Calle 89 y Calle 93,400,Tulipan,"2,7","0,55"
Calle,14 NE,Calle,93,Calle,97,Calle 14 NE entre Calle 93 y Calle 97,410,Tulipan,"2,8","0,56"
Calle,14 NE,Calle,97,Calle,99,Calle 14 NE entre Calle 97 y Calle 99,421,Tulipan,"2,9","0,58"
Calle,16 NE ,Calle,64A,Calle,73,Calle 16 NE  entre Calle 64A y Calle 73,302,La Juanita,"1,8","0,41"
Calle,16 NE ,Calle,73,Calle,75,Calle 16 NE  entre Calle 73 y Calle 75,313,La Juanita,"1,9","0,43"
Calle,16 NE ,Calle,75,Calle,77,Calle 16 NE  entre Calle 75 y Calle 77,324,Tulipan,2,"0,44"
Calle,16 NE ,Calle,77,Calle,79,Calle 16 NE  entre Calle 77 y Calle 79,335,Tulipan,"2,1","0,46"
Calle,16 NE ,Calle,79,Calle,81,Calle 16 NE  entre Calle 79 y Calle 81,346,Tulipan,"2,2","0,47"
Calle,16 NE ,Calle,81,Calle,85,Calle 16 NE  entre Calle 81 y Calle 85,356,Tulipan,"2,3","0,49"
Calle,16 NE ,Calle,85,Calle,87,Calle 16 NE  entre Calle 85 y Calle 87,367,Tulipan,"2,4","0,50"
Calle,16 NE ,Calle,87,Calle,89,Calle 16 NE  entre Calle 87 y Calle 89,378,Tulipan,"2,5","0,52"
Calle,16 NE ,Calle,89,Calle,93,Calle 16 NE  entre Calle 89 y Calle 93,389,Tulipan,"2,6","0,53"
Calle,16 NE ,Calle,93,Calle,97,Calle 16 NE  entre Calle 93 y Calle 97,400,Tulipan,"2,7","0,55"
Calle,16 NE ,Calle,97,Calle,99,Calle 16 NE  entre Calle 97 y Calle 99,410,Tulipan,"2,8","0,56"
Calle,16 NE ,Calle,99,Calle,101,Calle 16 NE  entre Calle 99 y Calle 101,421,Tulipan,"2,9","0,58"
Calle,16 NE ,Calle,101,Calle,105,Calle 16 NE  entre Calle 101 y Calle 105,432,Tulipan,3,"0,59"
Calle,16 NE ,Calle,105,Calle,107,Calle 16 NE  entre Calle 105 y Calle 107,443,Tulipan,"3,1","0,61"
Calle,16 NE ,Calle,107,Calle,109,Calle 16 NE  entre Calle 107 y Calle 109,454,Tulipan,"3,2","0,62"
Calle,16 NE ,Calle,109,Calle,12 NE,Calle 16 NE  entre Calle 109 y Calle 12 NE,454,Tulipan,"3,2","0,62"
Calle,18 NE,Calle,75,Calle,77,Calle 18 NE entre Calle 75 y Calle 77,324,Tulipan,2,"0,44"
Calle,18 NE,Calle,77,Calle,79,Calle 18 NE entre Calle 77 y Calle 79,335,Tulipan,"2,1","0,46"
Calle,18 NE,Calle,79,Calle,81,Calle 18 NE entre Calle 79 y Calle 81,346,Tulipan,"2,2","0,47"
Calle,18 NE,Calle,81,Calle,85,Calle 18 NE entre Calle 81 y Calle 85,356,Tulipan,"2,3","0,49"
Calle,18 NE,Calle,85,Calle,87,Calle 18 NE entre Calle 85 y Calle 87,367,Tulipan,"2,4","0,50"
Calle,18 NE,Calle,87,Calle,89,Calle 18 NE entre Calle 87 y Calle 89,378,Tulipan,"2,5","0,52"
Calle,18 NE,Calle,89,Calle,93,Calle 18 NE entre Calle 89 y Calle 93,389,Tulipan,"2,6","0,53"
Calle,18 NE,Calle,93,Calle,97,Calle 18 NE entre Calle 93 y Calle 97,400,Tulipan,"2,7","0,55"
Calle,18 NE,Calle,97,Calle,99,Calle 18 NE entre Calle 97 y Calle 99,410,Tulipan,"2,8","0,56"
Calle,18 NE,Calle,99,Calle,101,Calle 18 NE entre Calle 99 y Calle 101,421,Tulipan,"2,9","0,58"
Calle,18 NE,Calle,101,Calle,103,Calle 18 NE entre Calle 101 y Calle 103,432,Tulipan,3,"0,59"
Calle,20 NE,Calle,64A,Calle,79,Calle 20 NE entre Calle 64A y Calle 79,346,Tulipan,"2,2","0,47"
Calle,20 NE,Calle,79,Calle,81,Calle 20 NE entre Calle 79 y Calle 81,356,Tulipan,"2,3","0,49"
Calle,20 NE,Calle,81,Calle,85,Calle 20 NE entre Calle 81 y Calle 85,367,Tulipan,"2,4","0,50"
Calle,20 NE,Calle,85,Calle,87,Calle 20 NE entre Calle 85 y Calle 87,378,Tulipan,"2,5","0,52"
Calle,20 NE,Calle,87,Calle,89,Calle 20 NE entre Calle 87 y Calle 89,389,Tulipan,"2,6","0,53"
Calle,20 NE,Calle,89,Calle,93,Calle 20 NE entre Calle 89 y Calle 93,400,Tulipan,"2,7","0,55"
Calle,20 NE,Calle,93,Calle,97,Calle 20 NE entre Calle 93 y Calle 97,410,Tulipan,"2,8","0,56"
Calle,20 NE,Calle,97,Calle,99,Calle 20 NE entre Calle 97 y Calle 99,421,Tulipan,"2,9","0,58"
Calle,20 NE,Calle,99,Calle,101,Calle 20 NE entre Calle 99 y Calle 101,432,Tulipan,3,"0,59"
Calle,22 NE,Calle,64A,Calle,81,Calle 22 NE entre Calle 64A y Calle 81,356,Tulipan,"2,3","0,49"
Calle,22 NE,Calle,81,Calle,85,Calle 22 NE entre Calle 81 y Calle 85,367,Tulipan,"2,4","0,50"
Calle,22 NE,Calle,85,Calle,87,Calle 22 NE entre Calle 85 y Calle 87,378,Tulipan,"2,5","0,52"
Calle,22 NE,Calle,87,Calle,89,Calle 22 NE entre Calle 87 y Calle 89,389,Tulipan,"2,6","0,53"
Calle,22 NE,Calle,89,Calle,93,Calle 22 NE entre Calle 89 y Calle 93,400,Tulipan,"2,7","0,55"
Calle,22 NE,Calle,93,Calle,97,Calle 22 NE entre Calle 93 y Calle 97,410,Tulipan,"2,8","0,56"
Calle,22 NE,Calle,97,Calle,99,Calle 22 NE entre Calle 97 y Calle 99,421,Tulipan,"2,9","0,58"
Calle,22 NE,Calle,99,Calle,101,Calle 22 NE entre Calle 99 y Calle 101,432,Tulipan,3,"0,59"
Calle,24 NE,Calle,85,Calle,87,Calle 24 NE entre Calle 85 y Calle 87,378,Tulipan,"2,5","0,52"
Calle,24 NE,Calle,87,Calle,89,Calle 24 NE entre Calle 87 y Calle 89,389,Tulipan,"2,6","0,53"
Calle,24 NE,Calle,89,Calle,93,Calle 24 NE entre Calle 89 y Calle 93,400,Tulipan,"2,7","0,55"
Calle,24 NE,Calle,93,Calle,97,Calle 24 NE entre Calle 93 y Calle 97,410,Tulipan,"2,8","0,56"
Calle,24 NE,Calle,97,Calle,99,Calle 24 NE entre Calle 97 y Calle 99,421,Tulipan,"2,9","0,58"
Calle,26 NE,Calle,64A,Calle,89,Calle 26 NE entre Calle 64A y Calle 89,389,Tulipan,"2,6","0,53"
Calle,26 NE,Calle,89,Calle,93,Calle 26 NE entre Calle 89 y Calle 93,400,Tulipan,"2,7","0,55"
Calle,26 NE,Calle,93,Calle,97,Calle 26 NE entre Calle 93 y Calle 97,410,Tulipan,"2,8","0,56"
Calle,26 NE,Calle,97,Calle,99,Calle 26 NE entre Calle 97 y Calle 99,421,Tulipan,"2,9","0,58"
Calle,28 NE,Calle,93,Calle,97,Calle 28 NE entre Calle 93 y Calle 97,421,Tulipan,"2,9","0,58"
Avenida,66,Calle,29,Calle,31,Avenida 66 entre Calle 29 y Calle 31,378,Punta Gotica,"2,5","0,52"
Avenida,66,Calle,31,Calle,33,Avenida 66 entre Calle 31 y Calle 33,367,Punta Gotica,"2,4","0,50"
Avenida,66,Calle,33,Calle,35,Avenida 66 entre Calle 33 y Calle 35,356,Punta Gotica,"2,3","0,49"
Avenida,66,Calle,35,Calle,37,Avenida 66 entre Calle 35 y Calle 37,346,Punta Gotica,"2,2","0,47"
Avenida,66,Calle,37,Calle,39,Avenida 66 entre Calle 37 y Calle 39,313,San Lazaro,"1,9","0,43"
Avenida,66,Calle,39,Calle,41,Avenida 66 entre Calle 39 y Calle 41,302,San Lazaro,"1,8","0,41"
Avenida,66,Calle,41,Calle,45,Avenida 66 entre Calle 41 y Calle 45,292,San Lazaro,"1,7","0,40"
Avenida,66,Calle,45,Calle,47,Avenida 66 entre Calle 45 y Calle 47,281,San Lazaro,"1,6","0,38"
Avenida,66,Calle,47,Calle,49,Avenida 66 entre Calle 47 y Calle 49,270,San Lazaro,"1,5","0,37"
Avenida,66,Calle,49,Calle,51,Avenida 66 entre Calle 49 y Calle 51,281,San Lazaro,"1,6","0,38"
Avenida,66,Calle,51,Calle,53,Avenida 66 entre Calle 51 y Calle 53,292,San Lazaro,"1,7","0,40"
Avenida,66,Calle,53,Calle,55,Avenida 66 entre Calle 53 y Calle 55,302,San Lazaro,"1,8","0,41"
Avenida,66,Calle,59,Calle,61,Avenida 66 entre Calle 59 y Calle 61,335,San Lazaro,"2,1","0,46"
Avenida,66,Calle,61,Calle,63,Avenida 66 entre Calle 61 y Calle 63,346,Pueblo Grifo,"2,2","0,47"
Avenida,66,Calle,87,Calle,89,Avenida 66 entre Calle 87 y Calle 89,497,Buena vista,"3,6","0,68"
Avenida,66,Calle,89,Calle,97,Avenida 66 entre Calle 89 y Calle 97,508,Buena vista,"3,7","0,70"
Avenida,66,Calle,97,Calle,99,Avenida 66 entre Calle 97 y Calle 99,518,Buena vista,"3,8","0,71"
Avenida,66,Calle,99,Calle,101,Avenida 66 entre Calle 99 y Calle 101,529,Buena vista,"3,9","0,72"
Avenida,66,Calle,101,Calle,103,Avenida 66 entre Calle 101 y Calle 103,540,Buena vista,4,"0,74"
Avenida,66,Calle,103,Calle,105,Avenida 66 entre Calle 103 y Calle 105,551,Buena vista,"4,1","0,75"
Avenida,66,Calle,105,Calle,107,Avenida 66 entre Calle 105 y Calle 107,562,Buena vista,"4,2","0,77"
Avenida,66,Calle,107,Calle,109,Avenida 66 entre Calle 107 y Calle 109,572,Buena vista,"4,3","0,78"
Avenida,66,Calle,109,Calle,111,Avenida 66 entre Calle 109 y Calle 111,583,Buena vista,"4,4","0,80"
Avenida,66,Calle,111,Calle,113,Avenida 66 entre Calle 111 y Calle 113,594,Buena vista,"4,5","0,81"
Avenida,66,Calle,113,Calle,CIRCUNVALACION,Avenida 66 entre Calle 113 y Calle CIRCUNVALACION,605,Buena vista,"4,6","0,83"
Avenida,66,Calle,CIRCUNVALACION,Calle,115,Avenida 66 entre Calle CIRCUNVALACION y Calle 115,648,Buena vista,5,"0,89"
Avenida,66,Calle,115,Calle,117,Avenida 66 entre Calle 115 y Calle 117,659,Buena vista,"5,1","0,90"
Avenida,66,Calle,117,Calle,119,Avenida 66 entre Calle 117 y Calle 119,670,Buena vista,"5,2","0,92"
Avenida,66,Calle,119,Calle,121,Avenida 66 entre Calle 119 y Calle 121,670,Buena vista,"5,2","0,92"
Avenida,66,Calle,123,Calle,125,Avenida 66 entre Calle 123 y Calle 125,724,La Esperanza,"5,7","0,99"
Avenida,66,Calle,125,Calle,127,Avenida 66 entre Calle 125 y Calle 127,734,La Esperanza,"5,8","1,01"
Avenida,66,Calle,127,Calle,129,Avenida 66 entre Calle 127 y Calle 129,745,La Esperanza,"5,9","1,02"
Avenida,66,Calle,129,Calle,131,Avenida 66 entre Calle 129 y Calle 131,756,La Esperanza,6,"1,04"
Avenida,66,Calle,131,Calle,133,Avenida 66 entre Calle 131 y Calle 133,767,La Esperanza,"6,1","1,05"
Avenida,68,Calle,29,Calle,31,Avenida 68 entre Calle 29 y Calle 31,367,Punta Gotica,"2,4","0,50"
Avenida,68,Calle,31,Calle,33,Avenida 68 entre Calle 31 y Calle 33,356,Punta Gotica,"2,3","0,49"
Avenida,68,Calle,33,Calle,35,Avenida 68 entre Calle 33 y Calle 35,346,Punta Gotica,"2,2","0,47"
Avenida,68,Calle,35,Calle,37,Avenida 68 entre Calle 35 y Calle 37,335,Punta Gotica,"2,1","0,46"
Avenida,68,Calle,37,Calle,39,Avenida 68 entre Calle 37 y Calle 39,324,Punta Gotica,2,"0,44"
Avenida,68,Calle,39,Calle,41,Avenida 68 entre Calle 39 y Calle 41,313,San Lazaro,"1,9","0,43"
Avenida,68,Calle,41,Calle,45,Avenida 68 entre Calle 41 y Calle 45,302,San Lazaro,"1,8","0,41"
Avenida,68,Calle,45,Calle,47,Avenida 68 entre Calle 45 y Calle 47,302,San Lazaro,"1,8","0,41"
Avenida,68,Calle,47,Calle,49,Avenida 68 entre Calle 47 y Calle 49,292,San Lazaro,"1,7","0,40"
Avenida,68,Calle,49,Calle,51,Avenida 68 entre Calle 49 y Calle 51,292,San Lazaro,"1,7","0,40"
Avenida,68,Calle,51,Calle,53,Avenida 68 entre Calle 51 y Calle 53,302,San Lazaro,"1,8","0,41"
Avenida,68,Calle,53,Calle,55,Avenida 68 entre Calle 53 y Calle 55,313,San Lazaro,"1,9","0,43"
Avenida,68,Calle,57,Calle,59,Avenida 68 entre Calle 57 y Calle 59,356,San Lazaro,"2,3","0,49"
Avenida,68,Calle,59,Calle,61,Avenida 68 entre Calle 59 y Calle 61,346,San Lazaro,"2,2","0,47"
Avenida,68,Calle,61,Calle,63,Avenida 68 entre Calle 61 y Calle 63,335,Pueblo Grifo,"2,1","0,46"
Avenida,68,Calle,87,Calle,89,Avenida 68 entre Calle 87 y Calle 89,486,Buena vista,"3,5","0,67"
Avenida,68,Calle,89,Calle,97,Avenida 68 entre Calle 89 y Calle 97,497,Buena vista,"3,6","0,68"
Avenida,68,Calle,97,Calle,99,Avenida 68 entre Calle 97 y Calle 99,508,Buena vista,"3,7","0,70"
Avenida,68,Calle,99,Calle,101,Avenida 68 entre Calle 99 y Calle 101,518,Buena vista,"3,8","0,71"
Avenida,68,Calle,101,Calle,103,Avenida 68 entre Calle 101 y Calle 103,529,Buena vista,"3,9","0,72"
Avenida,68,Calle,103,Calle,105,Avenida 68 entre Calle 103 y Calle 105,540,Buena vista,4,"0,74"
Avenida,68,Calle,105,Calle,107,Avenida 68 entre Calle 105 y Calle 107,551,Buena vista,"4,1","0,75"
Avenida,68,Calle,107,Calle,109,Avenida 68 entre Calle 107 y Calle 109,562,Buena vista,"4,2","0,77"
Avenida,68,Calle,109,Calle,111,Avenida 68 entre Calle 109 y Calle 111,572,Buena vista,"4,3","0,78"
Avenida,68,Calle,111,Calle,113,Avenida 68 entre Calle 111 y Calle 113,583,Buena vista,"4,4","0,80"
Avenida,68,Calle,CIRCUNVALACION,Calle,115,Avenida 68 entre Calle CIRCUNVALACION y Calle 115,659,Buena vista,"5,1","0,90"
Avenida,68,Calle,115,Calle,117,Avenida 68 entre Calle 115 y Calle 117,670,Buena vista,"5,2","0,92"
Avenida,68,Calle,117,Calle,119,Avenida 68 entre Calle 117 y Calle 119,680,Buena vista,"5,3","0,93"
Avenida,68,Calle,119,Calle,121,Avenida 68 entre Calle 119 y Calle 121,691,Buena vista,"5,4","0,95"
Avenida,68,Calle,123,Calle,125,Avenida 68 entre Calle 123 y Calle 125,734,La Esperanza,"5,8","1,01"
Avenida,68,Calle,125,Calle,127,Avenida 68 entre Calle 125 y Calle 127,745,La Esperanza,"5,9","1,02"
Avenida,68,Calle,127,Calle,129,Avenida 68 entre Calle 127 y Calle 129,756,La Esperanza,6,"1,04"
Avenida,68,Calle,129,Calle,131,Avenida 68 entre Calle 129 y Calle 131,756,La Esperanza,6,"1,04"
Avenida,68,Calle,131,Calle,133,Avenida 68 entre Calle 131 y Calle 133,756,La Esperanza,6,"1,04"
Avenida,68A,Calle,57,Calle,57A,Avenida 68A entre Calle 57 y Calle 57A,367,Pueblo Grifo,"2,4","0,50"
Avenida,68A,Calle,57A,Calle,59,Avenida 68A entre Calle 57A y Calle 59,356,Pueblo Grifo,"2,3","0,49"
Avenida,70,Calle,31,Calle,33,Avenida 70 entre Calle 31 y Calle 33,356,Punta Gotica,"2,3","0,49"
Avenida,70,Calle,33,Calle,35,Avenida 70 entre Calle 33 y Calle 35,346,Punta Gotica,"2,2","0,47"
Avenida,70,Calle,35,Calle,37,Avenida 70 entre Calle 35 y Calle 37,335,Punta Gotica,"2,1","0,46"
Avenida,70,Calle,37,Calle,39,Avenida 70 entre Calle 37 y Calle 39,324,San Lazaro,2,"0,44"
Avenida,70,Calle,39,Calle,41,Avenida 70 entre Calle 39 y Calle 41,313,San Lazaro,"1,9","0,43"
Avenida,70,Calle,41,Calle,45,Avenida 70 entre Calle 41 y Calle 45,313,San Lazaro,"1,9","0,43"
Avenida,70,Calle,45,Calle,49,Avenida 70 entre Calle 45 y Calle 49,302,San Lazaro,"1,8","0,41"
Avenida,70,Calle,49,Calle,51,Avenida 70 entre Calle 49 y Calle 51,302,San Lazaro,"1,8","0,41"
Avenida,70,Calle,57,Calle,57A,Avenida 70 entre Calle 57 y Calle 57A,356,San Lazaro,"2,3","0,49"
Avenida,70,Calle,57A,Calle,59,Avenida 70 entre Calle 57A y Calle 59,346,San Lazaro,"2,2","0,47"
Avenida,70,Calle,59,Calle,61,Avenida 70 entre Calle 59 y Calle 61,335,San Lazaro,"2,1","0,46"
Avenida,70,Calle,61,Calle,63,Avenida 70 entre Calle 61 y Calle 63,356,Pueblo Grifo,"2,3","0,49"
Avenida,70,Calle,63,Calle,65A,Avenida 70 entre Calle 63 y Calle 65A,356,Pueblo Grifo,"2,3","0,49"
Avenida,70,Calle,65A,Calle,67,Avenida 70 entre Calle 65A y Calle 67,367,Pueblo Grifo,"2,4","0,50"
Avenida,70,Calle,67,Calle,69,Avenida 70 entre Calle 67 y Calle 69,378,Pueblo Grifo,"2,5","0,52"
Avenida,70,Calle,83A,Calle,87,Avenida 70 entre Calle 83A y Calle 87,518,Buena vista,"3,8","0,71"
Avenida,70,Calle,87,Calle,89,Avenida 70 entre Calle 87 y Calle 89,518,Buena vista,"3,8","0,71"
Avenida,70,Calle,89,Calle,97,Avenida 70 entre Calle 89 y Calle 97,529,Buena vista,"3,9","0,72"
Avenida,70,Calle,97,Calle,99,Avenida 70 entre Calle 97 y Calle 99,540,Buena vista,4,"0,74"
Avenida,70,Calle,99,Calle,101,Avenida 70 entre Calle 99 y Calle 101,551,Buena vista,"4,1","0,75"
Avenida,70,Calle,101,Calle,103,Avenida 70 entre Calle 101 y Calle 103,562,Buena vista,"4,2","0,77"
Avenida,70,Calle,103,Calle,105,Avenida 70 entre Calle 103 y Calle 105,572,Buena vista,"4,3","0,78"
Avenida,70,Calle,105,Calle,107,Avenida 70 entre Calle 105 y Calle 107,583,Buena vista,"4,4","0,80"
Avenida,70,Calle,113,Calle,115,Avenida 70 entre Calle 113 y Calle 115,670,Buena vista,"5,2","0,92"
Avenida,70,Calle,123,Calle,125,Avenida 70 entre Calle 123 y Calle 125,745,La Esperanza,"5,9","1,02"
Avenida,70,Calle,125,Calle,127,Avenida 70 entre Calle 125 y Calle 127,756,La Esperanza,6,"1,04"
Avenida,70,Calle,127,Calle,129,Avenida 70 entre Calle 127 y Calle 129,767,La Esperanza,"6,1","1,05"
Avenida,70,Calle,129,Calle,131,Avenida 70 entre Calle 129 y Calle 131,778,La Esperanza,"6,2","1,07"
Avenida,72,Calle,31,Calle,33,Avenida 72 entre Calle 31 y Calle 33,378,Punta Gotica,"2,5","0,52"
Avenida,72,Calle,33,Calle,35,Avenida 72 entre Calle 33 y Calle 35,367,Punta Gotica,"2,4","0,50"
Avenida,72,Calle,35,Calle,37,Avenida 72 entre Calle 35 y Calle 37,356,Punta Gotica,"2,3","0,49"
Avenida,72,Calle,37,Calle,37A,Avenida 72 entre Calle 37 y Calle 37A,346,San Lazaro,"2,2","0,47"
Avenida,72,Calle,37A,Calle,39,Avenida 72 entre Calle 37A y Calle 39,335,San Lazaro,"2,1","0,46"
Avenida,72,Calle,39,Calle,45,Avenida 72 entre Calle 39 y Calle 45,324,San Lazaro,2,"0,44"
Avenida,72,Calle,45,Calle,49,Avenida 72 entre Calle 45 y Calle 49,313,San Lazaro,"1,9","0,43"
Avenida,72,Calle,49,Calle,51,Avenida 72 entre Calle 49 y Calle 51,313,San Lazaro,"1,9","0,43"
Avenida,72,Calle,51,Calle,53,Avenida 72 entre Calle 51 y Calle 53,324,San Lazaro,2,"0,44"
Avenida,72,Calle,53,Calle,55,Avenida 72 entre Calle 53 y Calle 55,335,San Lazaro,"2,1","0,46"
Avenida,72,Calle,55,Calle,57,Avenida 72 entre Calle 55 y Calle 57,346,San Lazaro,"2,2","0,47"
Avenida,72,Calle,57,Calle,59,Avenida 72 entre Calle 57 y Calle 59,356,San Lazaro,"2,3","0,49"
Avenida,72,Calle,59,Calle,61,Avenida 72 entre Calle 59 y Calle 61,367,San Lazaro,"2,4","0,50"
Avenida,72,Calle,61,Calle,63,Avenida 72 entre Calle 61 y Calle 63,378,Pueblo Grifo,"2,5","0,52"
Avenida,72,Calle,63,Calle,65,Avenida 72 entre Calle 63 y Calle 65,367,Pueblo Grifo,"2,4","0,50"
Avenida,72,Calle,65,Calle,65A,Avenida 72 entre Calle 65 y Calle 65A,367,Pueblo Grifo,"2,4","0,50"
Avenida,72,Calle,65A,Calle,67,Avenida 72 entre Calle 65A y Calle 67,378,Pueblo Grifo,"2,5","0,52"
Avenida,72,Calle,67,Calle,69,Avenida 72 entre Calle 67 y Calle 69,389,Pueblo Grifo,"2,6","0,53"
Avenida,72,Calle,69,Calle,71,Avenida 72 entre Calle 69 y Calle 71,400,Pueblo Grifo,"2,7","0,55"
Avenida,72,Calle,71,Calle,73,Avenida 72 entre Calle 71 y Calle 73,410,Pueblo Grifo,"2,8","0,56"
Avenida,72,Calle,73,Calle,75,Avenida 72 entre Calle 73 y Calle 75,421,Pueblo Grifo,"2,9","0,58"
Avenida,72,Calle,75,Calle,77,Avenida 72 entre Calle 75 y Calle 77,432,Pueblo Grifo,3,"0,59"
Avenida,72,Calle,77,Calle,79,Avenida 72 entre Calle 77 y Calle 79,443,Pueblo Grifo,"3,1","0,61"
Avenida,72,Calle,79,Calle,81,Avenida 72 entre Calle 79 y Calle 81,454,Pueblo Grifo,"3,2","0,62"
Avenida,72,Calle,81,Calle,83,Avenida 72 entre Calle 81 y Calle 83,464,Pueblo Grifo,"3,3","0,64"
Avenida,72,Calle,83,Calle,85,Avenida 72 entre Calle 83 y Calle 85,475,Pueblo Grifo,"3,4","0,65"
Avenida,72,Calle,85,Calle,87,Avenida 72 entre Calle 85 y Calle 87,486,Pueblo Grifo,"3,5","0,67"
Avenida,72,Calle,87,Calle,89,Avenida 72 entre Calle 87 y Calle 89,497,Pueblo Grifo,"3,6","0,68"
Avenida,72,Calle,89,Calle,CIRCUNVALACION,Avenida 72 entre Calle 89 y Calle CIRCUNVALACION,475,Pueblo Grifo,"3,4","0,65"
Avenida,72,Calle,83A,Calle,89,Avenida 72 entre Calle 83A y Calle 89,540,Buena vista,4,"0,74"
Avenida,72,Calle,89,Calle,97,Avenida 72 entre Calle 89 y Calle 97,540,Buena vista,4,"0,74"
Avenida,72,Calle,97,Calle,99,Avenida 72 entre Calle 97 y Calle 99,551,Buena vista,"4,1","0,75"
Avenida,72,Calle,99,Calle,101,Avenida 72 entre Calle 99 y Calle 101,562,Buena vista,"4,2","0,77"
Avenida,72,Calle,101,Calle,103,Avenida 72 entre Calle 101 y Calle 103,572,Buena vista,"4,3","0,78"
Avenida,72,Calle,103,Calle,105,Avenida 72 entre Calle 103 y Calle 105,583,Buena vista,"4,4","0,80"
Avenida,74,Calle,31,Calle,33,Avenida 74 entre Calle 31 y Calle 33,389,Punta Gotica,"2,6","0,53"
Avenida,74,Calle,37,Calle,37A,Avenida 74 entre Calle 37 y Calle 37A,335,San Lazaro,"2,1","0,46"
Avenida,74,Calle,37A,Calle,39,Avenida 74 entre Calle 37A y Calle 39,335,San Lazaro,"2,1","0,46"
Avenida,74,Calle,39,Calle,45,Avenida 74 entre Calle 39 y Calle 45,335,San Lazaro,"2,1","0,46"
Avenida,74,Calle,45,Calle,49,Avenida 74 entre Calle 45 y Calle 49,324,San Lazaro,2,"0,44"
Avenida,74,Calle,49,Calle,51,Avenida 74 entre Calle 49 y Calle 51,324,San Lazaro,2,"0,44"
Avenida,74,Calle,51,Calle,53,Avenida 74 entre Calle 51 y Calle 53,335,San Lazaro,"2,1","0,46"
Avenida,74,Calle,53,Calle,55,Avenida 74 entre Calle 53 y Calle 55,346,San Lazaro,"2,2","0,47"
Avenida,74,Calle,55,Calle,57,Avenida 74 entre Calle 55 y Calle 57,356,San Lazaro,"2,3","0,49"
Avenida,74,Calle,57,Calle,59,Avenida 74 entre Calle 57 y Calle 59,367,San Lazaro,"2,4","0,50"
Avenida,74,Calle,59,Calle,63,Avenida 74 entre Calle 59 y Calle 63,378,San Lazaro,"2,5","0,52"
Avenida,74,Calle,63,Calle,65,Avenida 74 entre Calle 63 y Calle 65,389,Pueblo Grifo,"2,6","0,53"
Avenida,74,Calle,67,Calle,69,Avenida 74 entre Calle 67 y Calle 69,410,Pueblo Grifo,"2,8","0,56"
Avenida,74,Calle,97,Calle,99,Avenida 74 entre Calle 97 y Calle 99,562,Buena vista,"4,2","0,77"
Avenida,74,Calle,99,Calle,99A,Avenida 74 entre Calle 99 y Calle 99A,572,Buena vista,"4,3","0,78"
Avenida,74,Calle,99A,Calle,101,Avenida 74 entre Calle 99A y Calle 101,583,Buena vista,"4,4","0,80"
Avenida,74,Calle,101,Calle,CIRCUNVALACION,Avenida 74 entre Calle 101 y Calle CIRCUNVALACION,594,Buena vista,"4,5","0,81"
Avenida,76,Calle,49,Calle,51,Avenida 76 entre Calle 49 y Calle 51,335,San Lazaro,"2,1","0,46"
Avenida,76,Calle,51,Calle,53,Avenida 76 entre Calle 51 y Calle 53,346,San Lazaro,"2,2","0,47"
Avenida,76,Calle,55,Calle,57,Avenida 76 entre Calle 55 y Calle 57,367,San Lazaro,"2,4","0,50"
Avenida,76,Calle,63,Calle,65,Avenida 76 entre Calle 63 y Calle 65,389,Pueblo Grifo,"2,6","0,53"
Avenida,76,Calle,83A,Calle,89,Avenida 76 entre Calle 83A y Calle 89,551,Buena vista,"4,1","0,75"
Avenida,76,Calle,89,Calle,99,Avenida 76 entre Calle 89 y Calle 99,562,Buena vista,"4,2","0,77"
Avenida,76,Calle,99,Calle,99A,Avenida 76 entre Calle 99 y Calle 99A,572,Buena vista,"4,3","0,78"
Avenida,76,Calle,99A,Calle,CIRCUNVALACION,Avenida 76 entre Calle 99A y Calle CIRCUNVALACION,583,Buena vista,"4,4","0,80"
Avenida,78,Calle,63,Calle,65,Avenida 78 entre Calle 63 y Calle 65,400,Pueblo Grifo,"2,7","0,55"
Avenida,78,Calle,65,Calle,67,Avenida 78 entre Calle 65 y Calle 67,410,Pueblo Grifo,"2,8","0,56"
Avenida,78,Calle,67,Calle,69,Avenida 78 entre Calle 67 y Calle 69,421,Pueblo Grifo,"2,9","0,58"
Avenida,78,Calle,69,Calle,71,Avenida 78 entre Calle 69 y Calle 71,432,Pueblo Grifo,3,"0,59"
Avenida,UNIDAD TMC,Calle,UNIDAD TMC,Calle,UNIDAD TMC,Avenida UNIDAD TMC entre Calle UNIDAD TMC y Calle UNIDAD TMC,475,Pueblo Grifo,"3,4","0,65"
Avenida,78A,Calle,63,Calle,65,Avenida 78A entre Calle 63 y Calle 65,421,Pueblo Grifo,"2,9","0,58"
Avenida,78A,Calle,65,Calle,69,Avenida 78A entre Calle 65 y Calle 69,432,Pueblo Grifo,3,"0,59"
Avenida,78A,Calle,69,Calle,71,Avenida 78A entre Calle 69 y Calle 71,443,Pueblo Grifo,"3,1","0,61"
Avenida,78A,Calle,71,Calle,CIRCUNVALACION,Avenida 78A entre Calle 71 y Calle CIRCUNVALACION,475,Pueblo Grifo,"3,4","0,65"
Avenida,80,Calle,63,Calle,65,Avenida 80 entre Calle 63 y Calle 65,443,Pueblo Grifo,"3,1","0,61"
Avenida,80,Calle,65,Calle,69,Avenida 80 entre Calle 65 y Calle 69,454,Pueblo Grifo,"3,2","0,62"
Avenida,82,Calle,35,Calle,82A,Avenida 82 entre Calle 35 y Calle 82A,562,Pastorita,"4,2","0,77"
Avenida,82,Calle,33,Avenida,82A,Avenida 82 entre Calle 33 y Avenida 82A,551,Pastorita,"4,1","0,75"
Avenida,82,Calle,33,Calle,35,Avenida 82 entre Calle 33 y Calle 35,551,Pastorita,"4,1","0,75"
Avenida,82A,Calle,82,Calle,27,Avenida 82A entre Calle 82 y Calle 27,583,Pastorita,"4,4","0,80"
Avenida,82B,Calle,25,Calle,27,Avenida 82B entre Calle 25 y Calle 27,605,Pastorita,"4,6","0,83"
Avenida,84,Calle,31,Calle,33A,Avenida 84 entre Calle 31 y Calle 33A,583,Pastorita,"4,4","0,80"
Avenida,84,Calle,33A,Calle,33,Avenida 84 entre Calle 33A y Calle 33,572,Pastorita,"4,3","0,78"
Avenida,84A,Calle,29,Calle,31,Avenida 84A entre Calle 29 y Calle 31,605,Pastorita,"4,6","0,83"
Avenida,86,Calle,31,Calle,33A,Avenida 86 entre Calle 31 y Calle 33A,594,Pastorita,"4,5","0,81"
Avenida,86,Calle,33A,Calle,35,Avenida 86 entre Calle 33A y Calle 35,583,Pastorita,"4,4","0,80"
Avenida,88,Calle,31,Calle,35,Avenida 88 entre Calle 31 y Calle 35,605,Pastorita,"4,6","0,83"
Avenida,90,Calle,29,Calle,31,Avenida 90 entre Calle 29 y Calle 31,637,Pastorita,"4,9","0,87"
Avenida,90,Calle,31,Calle,35,Avenida 90 entre Calle 31 y Calle 35,616,Pastorita,"4,7","0,84"
Avenida,vial universidad,Calle,modulos,Calle,jose gregorio,Avenida vial universidad entre Calle modulos y Calle jose gregorio,659,Pastorita,"5,1","0,90"
Avenida,VIAL UNIVERSIDAD,Calle,VIAL UNIVERSIDAD,Calle,VIAL UNIVERSIDAD,Avenida VIAL UNIVERSIDAD entre Calle VIAL UNIVERSIDAD y Calle VIAL UNIVERSIDAD,616,Vial Universidad,"4,7","0,84"
Avenida,PEDIATRICO,Calle,PEDIATRICO,Calle,PEDIATRICO,Avenida PEDIATRICO entre Calle PEDIATRICO y Calle PEDIATRICO,216,Pediatrico,"0,9","0,30"
Avenida,CIENCIAS MEDICAS,Calle,CIENCIAS MEDICAS,Calle,CIENCIAS MEDICAS,Avenida CIENCIAS MEDICAS entre Calle CIENCIAS MEDICAS y Calle CIENCIAS MEDICAS,216,Ciencias Medicas,"0,9","0,30"
Avenida,HOSPITAL,Calle,HOSPITAL,Calle,HOSPITAL,Avenida HOSPITAL entre Calle HOSPITAL y Calle HOSPITAL,216,Hospital,,"0,30"
Avenida,PUNTA LA CUEVA,Calle,PUNTA LA CUEVA,Calle,PUNTA LA CUEVA,Avenida PUNTA LA CUEVA entre Calle PUNTA LA CUEVA y Calle PUNTA LA CUEVA,702,Punta la Cueva,"5,5","0,96"
Calle,Casa verde,Calle,Casa verde,Calle,Casa verde,Calle Casa verde entre Calle Casa verde y Calle Casa verde,464,Punta Gorda,"3,3","0,64"
Calle,Club cienfuegos,Calle,Club cienfuegos,Calle,Club cienfuegos,Calle Club cienfuegos entre Calle Club cienfuegos y Calle Club cienfuegos,400,Punta Gorda,"2,7","0,55"
Calle,Policlinico pueblo grifo,Calle,Policlinico pueblo grifo,Calle,Policlinico pueblo grifo,Calle Policlinico pueblo grifo entre Calle Policlinico pueblo grifo y Calle Policlinico pueblo grifo,475,Pueblo Grifo,"3,4","0,65"
Calle,Policlinico pastorita,Calle,Policlinico pastorita,Calle,Policlinico pastorita,Calle Policlinico pastorita entre Calle Policlinico pastorita y Calle Policlinico pastorita,508,Pastorita,"3,7","0,70"
Calle,Fregadora de carros junco sur,Calle,Fregadora de carros junco sur,Calle,Fregadora de carros junco sur,Calle Fregadora de carros junco sur entre Calle Fregadora de carros junco sur y Calle Fregadora de carros junco sur,238,Junco Sur,"1,2","0,33"
Calle,12 planta pueblo griffo,Calle,12 planta pueblo griffo,Calle,12 planta pueblo griffo,Calle 12 planta pueblo griffo entre Calle 12 planta pueblo griffo y Calle 12 planta pueblo griffo,432,Pueblo Grifo,3,"0,59"
Calle,Caribe,Calle,Caribe,Calle,Caribe,Calle Caribe entre Calle Caribe y Calle Caribe,464,Punta Gorda,"3,3","0,64"
Calle,Hotel union,Calle,Hotel union,Calle,Hotel union,Calle Hotel union entre Calle Hotel union y Calle Hotel union,302,Casco Historico,"1,8","0,41"
Calle,Español,Calle,Español,Calle,Español,Calle Español entre Calle Español y Calle Español,281,Casco Historico,"1,6","0,38"
Calle,Bar rojo,Calle,Bar rojo,Calle,Bar rojo,Calle Bar rojo entre Calle Bar rojo y Calle Bar rojo,238,Casco Historico,"1,2","0,33"
Calle,2212,Calle,2212,Calle,2212,Calle 2212 entre Calle 2212 y Calle 2212,292,Casco Historico,"1,7","0,40"
Calle,Guajo,Calle,Guajo,Calle,Guajo,Calle Guajo entre Calle Guajo y Calle Guajo,292,Casco Historico,"1,7","0,40"
Calle,Materno punta gorda,Calle,Materno punta gorda,Calle,Materno punta gorda,Calle Materno punta gorda entre Calle Materno punta gorda y Calle Materno punta gorda,324,Punta Gorda,2,"0,44"
Calle,Cupet calzada,Calle,Cupet calzada,Calle,Cupet calzada,Calle Cupet calzada entre Calle Cupet calzada y Calle Cupet calzada,292,San Lazaro,"1,7","0,40"
Calle,Cupet Trebol,Calle,Cupet Trebol,Calle,Cupet Trebol,Calle Cupet Trebol entre Calle Cupet Trebol y Calle Cupet Trebol,626,Pastorita,"4,8","0,86"
Calle,Cupet pueblo griffo,Calle,Cupet pueblo griffo,Calle,Cupet pueblo griffo,Calle Cupet pueblo griffo entre Calle Cupet pueblo griffo y Calle Cupet pueblo griffo,410,Pueblo Grifo,"2,8","0,56"
Calle,Cupet punta gorda,Calle,Cupet punta gorda,Calle,Cupet punta gorda,Calle Cupet punta gorda entre Calle Cupet punta gorda y Calle Cupet punta gorda,335,Punta Gorda,"2,1","0,46"
Calle,Pabellones PPU,Calle,Pabellones PPU,Calle,Pabellones PPU,Calle Pabellones PPU entre Calle Pabellones PPU y Calle Pabellones PPU,216,Casco Historico,"0,8","0,30"
Calle,Taller de ambulancia ppu,Calle,Taller de ambulancia ppu,Calle,Taller de ambulancia ppu,Calle Taller de ambulancia ppu entre Calle Taller de ambulancia ppu y Calle Taller de ambulancia ppu,216,Casco Historico,"0,8","0,30"
Calle,Hotelera Framboyanes,Calle,Hotelera Framboyanes,Calle,Hotelera Framboyanes,Calle Hotelera Framboyanes entre Calle Hotelera Framboyanes y Calle Hotelera Framboyanes,594,Casco Historico,"4,5","0,81"
Calle,Terminal de cruceros,Calle,Terminal de cruceros,Calle,Terminal de cruceros,Calle Terminal de cruceros entre Calle Terminal de cruceros y Calle Terminal de cruceros,400,Reina,"2,7","0,55"
Calle,18 planta frente a astro,Calle,18 planta frente a astro,Calle,18 planta frente a astro,Calle 18 planta frente a astro entre Calle 18 planta frente a astro y Calle 18 planta frente a astro,616,Pastorita,"4,7","0,84"
Calle,18 planta militares,Calle,18 planta militares,Calle,18 planta militares,Calle 18 planta militares entre Calle 18 planta militares y Calle 18 planta militares,594,Pastorita,"4,5","0,81"
Calle,Circulo infantil pastorita,Calle,Circulo infantil pastorita,Calle,Circulo infantil pastorita,Calle Circulo infantil pastorita entre Calle Circulo infantil pastorita y Calle Circulo infantil pastorita,626,Pastorita,"4,8","0,86"
Calle,Escuela de montaje,Calle,Escuela de montaje,Calle,Escuela de montaje,Calle Escuela de montaje entre Calle Escuela de montaje y Calle Escuela de montaje,572,Pastorita,"4,3","0,78"
Calle,"Carretera Palmira, 4 caminos",Calle,"Carretera Palmira, 4 caminos",Calle,"Carretera Palmira, 4 caminos","Calle Carretera Palmira, 4 caminos entre Calle Carretera Palmira, 4 caminos y Calle Carretera Palmira, 4 caminos",616,Pastorita,"4,7","0,84"
Calle,Laguna del cura,Calle,Laguna del cura,Calle,Laguna del cura,Calle Laguna del cura entre Calle Laguna del cura y Calle Laguna del cura,302,Punta Gorda,"1,8","0,41"
Calle,Playa alegre,Calle,Playa alegre,Calle,Playa alegre,Calle Playa alegre entre Calle Playa alegre y Calle Playa alegre,292,Punta Gorda,"1,7","0,40"
Calle,Los pinitos,Calle,Los pinitos,Calle,Los pinitos,Calle Los pinitos entre Calle Los pinitos y Calle Los pinitos,324,Punta Gorda,2,"0,44"
Calle,La punta,Calle,La punta,Calle,La punta,Calle La punta entre Calle La punta y Calle La punta,540,Punta Gorda,4,"0,74"
Calle,Playa Circulito,Calle,Playa Circulito,Calle,Playa Circulito,Calle Playa Circulito entre Calle Playa Circulito y Calle Playa Circulito,410,Punta Gorda,"2,8","0,56"
Calle,Base militar antes del aeropuerto,Calle,Base militar antes del aeropuerto,Calle,Base militar antes del aeropuerto,Calle Base militar antes del aeropuerto entre Calle Base militar antes del aeropuerto y Calle Base militar antes del aeropuerto,778,Caunao,"6,2","1,07"
Calle,Base militar somaton,Calle,Base militar somaton,Calle,Base militar somaton,Calle Base militar somaton entre Calle Base militar somaton y Calle Base militar somaton,1015,Cantarrana,"8,4","1,39"
Calle,Guamajal circunvalación,Calle,Guamajal circunvalación,Calle,Guamajal circunvalación,Calle Guamajal circunvalación entre Calle Guamajal circunvalación y Calle Guamajal circunvalación,464,Tulipan,"3,3","0,64"
Calle,Parque Marti,Calle,Parque Marti,Calle,Parque Marti,Calle Parque Marti entre Calle Parque Marti y Calle Parque Marti,335,Casco Historico,"2,1","0,46"
Calle,Malecon,Calle,Malecon,Calle,Malecon,Calle Malecon entre Calle Malecon y Calle Malecon,324,Casco Historico,2,"0,44"
Calle,Viradero de la 3,Calle,Viradero de la 3,Calle,Viradero de la 3,Calle Viradero de la 3 entre Calle Viradero de la 3 y Calle Viradero de la 3,432,Junco Sur,3,"0,59"
Calle,Circulo infantil junco sur,Calle,Circulo infantil junco sur,Calle,Circulo infantil junco sur,Calle Circulo infantil junco sur entre Calle Circulo infantil junco sur y Calle Circulo infantil junco sur,335,Junco Sur,"2,1","0,46"
Calle,Escuela Jose Marti,Calle,Escuela Jose Marti,Calle,Escuela Jose Marti,Calle Escuela Jose Marti entre Calle Escuela Jose Marti y Calle Escuela Jose Marti,929,Caunao,"7,6","1,27"
Calle,Torre de ETECSA,Calle,Torre de ETECSA,Calle,Torre de ETECSA,Calle Torre de ETECSA entre Calle Torre de ETECSA y Calle Torre de ETECSA,270,Casco Historico,"1,5","0,37"
Calle,Policlinico caunao,Calle,Policlinico caunao,Calle,Policlinico caunao,Calle Policlinico caunao entre Calle Policlinico caunao y Calle Policlinico caunao,972,Caunao,8,"1,33"
Calle,RESTAURANT PEPE,Calle,RESTAURANT PEPE,Calle,RESTAURANT PEPE,Calle RESTAURANT PEPE entre Calle RESTAURANT PEPE y Calle RESTAURANT PEPE,259,Casco Historico,"1,4","0,36"
Calle,500 CEIBA,Calle,500 CEIBA,Calle,500 CEIBA,Calle 500 CEIBA entre Calle 500 CEIBA y Calle 500 CEIBA,626,Pastorita,"4,8","0,86"
Calle,CIRCULO DE ABUELOS PUEBLO GR,Calle,CIRCULO DE ABUELOS PUEBLO GR,Calle,CIRCULO DE ABUELOS PUEBLO GR,Calle CIRCULO DE ABUELOS PUEBLO GR entre Calle CIRCULO DE ABUELOS PUEBLO GR y Calle CIRCULO DE ABUELOS PUEBLO GR,454,Pueblo Grifo,"3,2","0,62"
Calle,EIDE,Calle,EIDE,Calle,EIDE,Calle EIDE entre Calle EIDE y Calle EIDE,281,La Juanita,"1,6","0,38"
Calle,RAPIDO DEL MALECON,Calle,RAPIDO DEL MALECON,Calle,RAPIDO DEL MALECON,Calle RAPIDO DEL MALECON entre Calle RAPIDO DEL MALECON y Calle RAPIDO DEL MALECON,302,Casco Historico,"1,8","0,41"
Calle,PALMITA,Calle,PALMITA,Calle,PALMITA,Calle PALMITA entre Calle PALMITA y Calle PALMITA,475,Pueblo Grifo,"3,4","0,65"
Calle,BALDOSA,Calle,BALDOSA,Calle,BALDOSA,Calle BALDOSA entre Calle BALDOSA y Calle BALDOSA,670,Pueblo Grifo,"5,2","0,92"
Calle,GAS PUNTA GOTICA,Calle,GAS PUNTA GOTICA,Calle,GAS PUNTA GOTICA,Calle GAS PUNTA GOTICA entre Calle GAS PUNTA GOTICA y Calle GAS PUNTA GOTICA,378,Punta Gotica,"2,5","0,52"
Calle,PLASTICOS ARREGLAR,Calle,PLASTICOS ARREGLAR,Calle,PLASTICOS ARREGLAR,Calle PLASTICOS ARREGLAR entre Calle PLASTICOS ARREGLAR y Calle PLASTICOS ARREGLAR,486,Pueblo Grifo,"3,5","0,67"
Calle,PALACIO DE LOS MATRIMONIOS,Calle,PALACIO DE LOS MATRIMONIOS,Calle,PALACIO DE LOS MATRIMONIOS,Calle PALACIO DE LOS MATRIMONIOS entre Calle PALACIO DE LOS MATRIMONIOS y Calle PALACIO DE LOS MATRIMONIOS,540,Buena vista,4,"0,74"
Calle,CIRCULO INFANTIL BUENA V,Calle,CIRCULO INFANTIL BUENA V,Calle,CIRCULO INFANTIL BUENA V,Calle CIRCULO INFANTIL BUENA V entre Calle CIRCULO INFANTIL BUENA V y Calle CIRCULO INFANTIL BUENA V,540,Buena vista,4,"0,74"
Calle,DELEGACION DEL MININT,Calle,DELEGACION DEL MININT,Calle,DELEGACION DEL MININT,Calle DELEGACION DEL MININT entre Calle DELEGACION DEL MININT y Calle DELEGACION DEL MININT,540,Pastorita,4,"0,74"
Calle,CRIS TU REY,Calle,CRIS TU REY,Calle,CRIS TU REY,Calle CRIS TU REY entre Calle CRIS TU REY y Calle CRIS TU REY,475,Buena vista,"3,4","0,65"
Calle,EDIF 22 C71,Avenida,78A,Avenida,80,Calle EDIF 22 C71 entre Avenida 78A y Avenida 80,486,Pueblo Grifo,"3,5","0,67"
Calle,EDIF 4 C63,Avenida,78,Avenida,78A,Calle EDIF 4 C63 entre Avenida 78 y Avenida 78A,410,Pueblo Grifo,"2,8","0,56"
Calle,EDIF 29 A78,Calle,65,Calle,67,Calle EDIF 29 A78 entre Calle 65 y Calle 67,432,Pueblo Grifo,3,"0,59"
Calle,EDIF 30 A78,Calle,65,Calle,67,Calle EDIF 30 A78 entre Calle 65 y Calle 67,432,Pueblo Grifo,3,"0,59"
Calle,EDIF 31 A78,Calle,65,Calle,67,Calle EDIF 31 A78 entre Calle 65 y Calle 67,432,Pueblo Grifo,3,"0,59"
Calle,EDIF 32 A78,Calle,65,Calle,67,Calle EDIF 32 A78 entre Calle 65 y Calle 67,432,Pueblo Grifo,3,"0,59"
Calle,EDIF 1  C71,Avenida,78,Avenida,78A,Calle EDIF 1  C71 entre Avenida 78 y Avenida 78A,475,Pueblo Grifo,"3,4","0,65"
Calle,EDIF 12 A78A,Calle,69,Calle,71,Calle EDIF 12 A78A entre Calle 69 y Calle 71,443,Pueblo Grifo,"3,1","0,61"
Calle,EDIF 57 A78,Calle,67,Calle,69,Calle EDIF 57 A78 entre Calle 67 y Calle 69,421,Pueblo Grifo,"2,9","0,58"
Calle,EDIF 58 A78,Calle,67,Calle,69,Calle EDIF 58 A78 entre Calle 67 y Calle 69,421,Pueblo Grifo,"2,9","0,58"
Calle,EDIF 59 A78,Calle,67,Calle,69,Calle EDIF 59 A78 entre Calle 67 y Calle 69,421,Pueblo Grifo,"2,9","0,58"
Calle,EDIF 66B A78,Calle,65,Calle,67,Calle EDIF 66B A78 entre Calle 65 y Calle 67,410,Pueblo Grifo,"2,8","0,56"
Calle,EDIF 18 C71,Avenida,78A,Avenida,80,Calle EDIF 18 C71 entre Avenida 78A y Avenida 80,486,Pueblo Grifo,"3,5","0,67"
Calle,EDIF 42B A78,Calle,71,Calle,73,Calle EDIF 42B A78 entre Calle 71 y Calle 73,475,Pueblo Grifo,"3,4","0,65"
Calle,EDIF 10 SALA DE VIDEO C65,Avenida,78A,Avenida,65A,Calle EDIF 10 SALA DE VIDEO C65 entre Avenida 78A y Avenida 65A,432,Pueblo Grifo,3,"0,59"
Calle,EDIF 26A C65,Avenida,78,Avenida,78A,Calle EDIF 26A C65 entre Avenida 78 y Avenida 78A,410,Pueblo Grifo,"2,8","0,56"
Calle,EDIF MODULO 1  C65,Avenida,78A,Avenida,65A,Calle EDIF MODULO 1  C65 entre Avenida 78A y Avenida 65A,432,Pueblo Grifo,3,"0,59"
Calle,EDIF 49 C81,Avenida,34,Avenida,36,Calle EDIF 49 C81 entre Avenida 34 y Avenida 36,302,Junco Sur,"1,8","0,41"
Calle,EDIF 22 LA MARINA A32,Calle,85,Calle,87,Calle EDIF 22 LA MARINA A32 entre Calle 85 y Calle 87,346,Junco Sur,"2,2","0,47"
Calle,EDIF 50 C81,Avenida,34,Avenida,36,Calle EDIF 50 C81 entre Avenida 34 y Avenida 36,302,Junco Sur,"1,8","0,41"
Calle,EDIF 52 C81,Avenida,34,Avenida,36,Calle EDIF 52 C81 entre Avenida 34 y Avenida 36,302,Junco Sur,"1,8","0,41"
Calle,EDIF 54 C81,Avenida,34,Avenida,36,Calle EDIF 54 C81 entre Avenida 34 y Avenida 36,302,Junco Sur,"1,8","0,41"
Calle,EDIF 21  BIOSALUDABLE,Calle,EDIF 21  BIOSALUDABLE,Calle,EDIF 21  BIOSALUDABLE,Calle EDIF 21  BIOSALUDABLE entre Calle EDIF 21  BIOSALUDABLE y Calle EDIF 21  BIOSALUDABLE,324,Junco Sur,2,"0,44"
Calle,EDIF 21  MARINA,Calle,EDIF 21  MARINA,Calle,EDIF 21  MARINA,Calle EDIF 21  MARINA entre Calle EDIF 21  MARINA y Calle EDIF 21  MARINA,367,Junco Sur,"2,4","0,50"
Calle,EDIF 18  MARINA,Calle,EDIF 18  MARINA,Calle,EDIF 18  MARINA,Calle EDIF 18  MARINA entre Calle EDIF 18  MARINA y Calle EDIF 18  MARINA,367,Junco Sur,"2,4","0,50"
Calle,EDIF 19  MARINA,Calle,EDIF 19  MARINA,Calle,EDIF 19  MARINA,Calle EDIF 19  MARINA entre Calle EDIF 19  MARINA y Calle EDIF 19  MARINA,367,Junco Sur,"2,4","0,50"
Calle,EDIF 20 MARINA,Calle,EDIF 20 MARINA,Calle,EDIF 20 MARINA,Calle EDIF 20 MARINA entre Calle EDIF 20 MARINA y Calle EDIF 20 MARINA,367,Junco Sur,"2,4","0,50"
Calle,EDIF 4 C81,Avenida,36,Avenida,36A,Calle EDIF 4 C81 entre Avenida 36 y Avenida 36A,292,Junco Sur,"1,7","0,40"
Calle,EDIF 5 A36A,Calle,79A,Calle,81,Calle EDIF 5 A36A entre Calle 79A y Calle 81,281,Junco Sur,"1,6","0,38"
Calle,EDIF 41 C89,Avenida,30,Avenida,32,Calle EDIF 41 C89 entre Avenida 30 y Avenida 32,378,Junco Sur,"2,5","0,52"
Calle,EDIF 35 C89,Avenida,30,Avenida,32,Calle EDIF 35 C89 entre Avenida 30 y Avenida 32,378,Junco Sur,"2,5","0,52"
Calle,EDIF 36 C89,Avenida,30,Avenida,32,Calle EDIF 36 C89 entre Avenida 30 y Avenida 32,378,Junco Sur,"2,5","0,52"
Calle,EDIF 30 C89,Avenida,28,Avenida,30,Calle EDIF 30 C89 entre Avenida 28 y Avenida 30,389,Junco Sur,"2,6","0,53"
Calle,EDIF 32 C87,Avenida,28,Avenida,30,Calle EDIF 32 C87 entre Avenida 28 y Avenida 30,389,Junco Sur,"2,6","0,53"
Calle,EDIF 38 C87,Avenida,30,Avenida,32,Calle EDIF 38 C87 entre Avenida 30 y Avenida 32,378,Junco Sur,"2,5","0,52"
Calle,EDIF 39 C87,Avenida,30,Avenida,32,Calle EDIF 39 C87 entre Avenida 30 y Avenida 32,378,Junco Sur,"2,5","0,52"
Calle,EDIF 13 A34,Calle,81,Calle,83,Calle EDIF 13 A34 entre Calle 81 y Calle 83,313,Junco Sur,"1,9","0,43"
Calle,EDIF 14 A34,Calle,81,Calle,83,Calle EDIF 14 A34 entre Calle 81 y Calle 83,313,Junco Sur,"1,9","0,43"
Calle,EDIF 47 C81,Avenida,32,Avenida,34,Calle EDIF 47 C81 entre Avenida 32 y Avenida 34,313,Junco Sur,"1,9","0,43"
Calle,EDIF 51 C81,Avenida,34,Avenida,36,Calle EDIF 51 C81 entre Avenida 34 y Avenida 36,302,Junco Sur,"1,8","0,41"
Calle,EDIF 6 A36,Calle,79,Calle,79A,Calle EDIF 6 A36 entre Calle 79 y Calle 79A,292,Junco Sur,"1,7","0,40"
Calle,EDIF 53 C79A,Avenida,34,Avenida,36,Calle EDIF 53 C79A entre Avenida 34 y Avenida 36,270,Junco Sur,"1,5","0,37"
Calle,EDIF 12 A36,Calle,79,Calle,79A,Calle EDIF 12 A36 entre Calle 79 y Calle 79A,292,Junco Sur,"1,7","0,40"
Calle,EDIF 55 A36 ,Calle,79,Calle,79A,Calle EDIF 55 A36  entre Calle 79 y Calle 79A,292,Junco Sur,"1,7","0,40"
Calle,EDIF 10 C79A,Avenida,36A,Avenida,38,Calle EDIF 10 C79A entre Avenida 36A y Avenida 38,270,Junco Sur,"1,5","0,37"
Calle,EDIF 11 A36A,Calle,79,Calle,79A,Calle EDIF 11 A36A entre Calle 79 y Calle 79A,292,Junco Sur,"1,7","0,40"
Calle,EDIF 9 A36A,Calle,79,Calle,79A,Calle EDIF 9 A36A entre Calle 79 y Calle 79A,292,Junco Sur,"1,7","0,40"
Calle,EDIF 7 A36A,Calle,79,Calle,79A,Calle EDIF 7 A36A entre Calle 79 y Calle 79A,292,Junco Sur,"1,7","0,40"
Calle,EDIF 3 A36A,Calle,79A,Calle,81,Calle EDIF 3 A36A entre Calle 79A y Calle 81,281,Junco Sur,"1,6","0,38"
Calle,EDIF 2 A38,Calle,79A,Calle,81,Calle EDIF 2 A38 entre Calle 79A y Calle 81,270,Junco Sur,"1,5","0,37"
Calle,EDIF 3801 C81,Avenida,38,Avenida,40,Calle EDIF 3801 C81 entre Avenida 38 y Avenida 40,270,Junco Sur,"1,5","0,37"
Calle,EDIF 79A01 C81,Avenida,40,Avenida,42,Calle EDIF 79A01 C81 entre Avenida 40 y Avenida 42,259,Junco Sur,"1,4","0,36"
Calle,EDIF 23 A42,Calle,79A,Calle,81,Calle EDIF 23 A42 entre Calle 79A y Calle 81,238,Junco Sur,"1,2","0,33"
Calle,EDIF 40 C87,Avenida,30,Avenida,32,Calle EDIF 40 C87 entre Avenida 30 y Avenida 32,367,Junco Sur,"2,4","0,50"
Calle,EDIF 37 C89,Avenida,30,Avenida,32,Calle EDIF 37 C89 entre Avenida 30 y Avenida 32,378,Junco Sur,"2,5","0,52"
Calle,EDIF 13 A72,Calle,97,Calle,99,Calle EDIF 13 A72 entre Calle 97 y Calle 99,551,Buena vista,"4,1","0,75"
Calle,EDIF 3 C89 ,Avenida,72,Avenida,74,Calle EDIF 3 C89  entre Avenida 72 y Avenida 74,475,Buena vista,"3,4","0,65"
Calle,EDIF 22 C99,Avenida,72,Avenida,74,Calle EDIF 22 C99 entre Avenida 72 y Avenida 74,497,Buena vista,"3,6","0,68"
Calle,EDIF G C35,Avenida,82,Avenida,84,Calle EDIF G C35 entre Avenida 82 y Avenida 84,551,Pastorita,"4,1","0,75"
Calle,EDIF E C33,Calle,33A,Avenida,84,Calle EDIF E C33 entre Calle 33A y Avenida 84,562,Pastorita,"4,2","0,77"
Calle,EDIF F C33,Calle,33A,Avenida,84,Calle EDIF F C33 entre Calle 33A y Avenida 84,562,Pastorita,"4,2","0,77"
Calle,EDIF 10 C29,Avenida,84A,Avenida,90,Calle EDIF 10 C29 entre Avenida 84A y Avenida 90,572,Pastorita,"4,3","0,78"
Calle,EDIF BLOQUE 1 A82,Calle,35,Calle,37,Calle EDIF BLOQUE 1 A82 entre Calle 35 y Calle 37,551,Pastorita,"4,1","0,75"
Calle,EDIF BLOQUE 2 A82,Calle,35,Calle,37,Calle EDIF BLOQUE 2 A82 entre Calle 35 y Calle 37,551,Pastorita,"4,1","0,75"
Calle,EDIF 4 REFINERIA C31,Avenida,86,Avenida,88,Calle EDIF 4 REFINERIA C31 entre Avenida 86 y Avenida 88,616,Pastorita,"4,7","0,84"
Calle,MODULO A C31,Avenida,84,Avenida,86,Calle MODULO A C31 entre Avenida 84 y Avenida 86,605,Pastorita,"4,6","0,83"
Calle,EDIF 8406 C31,Avenida,84,Avenida,86,Calle EDIF 8406 C31 entre Avenida 84 y Avenida 86,605,Pastorita,"4,6","0,83"
Calle,EDIF 16 A82,Calle,33,Avenida,82A,Calle EDIF 16 A82 entre Calle 33 y Avenida 82A,551,Pastorita,"4,1","0,75"
Calle,EDIF S A82,Calle,33,Avenida,83A,Calle EDIF S A82 entre Calle 33 y Avenida 83A,551,Pastorita,"4,1","0,75"
Calle,EDIF O A82,Calle,33,Avenida,82A,Calle EDIF O A82 entre Calle 33 y Avenida 82A,551,Pastorita,"4,1","0,75"
Calle,EDIF 4 A82,Avenida,82A,Calle,33,Calle EDIF 4 A82 entre Avenida 82A y Calle 33,551,Pastorita,"4,1","0,75"
Calle,EDIF T A82 ,Calle,33,Avenida,82A,Calle EDIF T A82  entre Calle 33 y Avenida 82A,551,Pastorita,"4,1","0,75"
Calle,EDIF 15 A28,Calle,59,Calle,61,Calle EDIF 15 A28 entre Calle 59 y Calle 61,216,Reparto de los Medicos,1,"0,30"
Calle,EDIF 2 C57,Avenida,40,Avenida,42,Calle EDIF 2 C57 entre Avenida 40 y Avenida 42,216,Reparto de los Medicos,"0,3","0,30"
Calle,EDIF 7 A28,Calle,57,Calle,59,Calle EDIF 7 A28 entre Calle 57 y Calle 59,216,Reparto de los Medicos,"0,8","0,30"
Calle,EDIF 26 C59,Avenida,34,Avenida,36,Calle EDIF 26 C59 entre Avenida 34 y Avenida 36,216,Reparto de los Medicos,"0,5","0,30"
Calle,EDIF 4 C16 NE,Calle,85,Calle,87,Calle EDIF 4 C16 NE entre Calle 85 y Calle 87,367,Tulipan,"2,4","0,50"
Calle,EDIF 4 C85,Calle,2 NE,Calle,4 NE,Calle EDIF 4 C85 entre Calle 2 NE y Calle 4 NE,486,Tulipan,"3,5","0,67"
Calle,EDIF 52 A24,Calle,59,Calle,61,Calle EDIF 52 A24 entre Calle 59 y Calle 61,238,Punta Gorda,"1,2","0,33"
Calle,EDIF 5 A60,Calle,69,Calle,71,Calle EDIF 5 A60 entre Calle 69 y Calle 71,270,La Juanita,"1,5","0,37"
Calle,EDIF 4601 C59,Avenida,46,Avenida,48,Calle EDIF 4601 C59 entre Avenida 46 y Avenida 48,216,La Juanita,"0,5","0,30"
Calle,EDIF 1 C45,Avenida,38,Avenida,40,Calle EDIF 1 C45 entre Avenida 38 y Avenida 40,216,Casco Historico,"0,8","0,30"
Calle,EDIF 10 C8 NE,Calle,65,Calle,67,Calle EDIF 10 C8 NE entre Calle 65 y Calle 67,281,La Juanita,"1,6","0,38"
Calle,EDIF 5902 A48,Calle,59,Calle,61,Calle EDIF 5902 A48 entre Calle 59 y Calle 61,216,La Juanita,"0,9","0,30"
Calle,EDIF 5704 A32,Calle,57,Calle,59,Calle EDIF 5704 A32 entre Calle 57 y Calle 59,216,Reparto de los Medicos,"0,7","0,30"
Calle,EDIF 18 CIRCUNVALACION,Avenida,74,Avenida,76,Calle EDIF 18 CIRCUNVALACION entre Avenida 74 y Avenida 76,680,Buena vista,"5,3","0,93"
Calle,EDIF 24 51A,Avenida,30,Avenida,32,Calle EDIF 24 51A entre Avenida 30 y Avenida 32,216,Reparto de los Medicos,1,"0,30"
Calle,EDIF 5A A78A,Calle,65,Calle,67,Calle EDIF 5A A78A entre Calle 65 y Calle 67,432,Pueblo Grifo,3,"0,59"
Calle,EDIF 28 A72,Calle,101,Calle,103,Calle EDIF 28 A72 entre Calle 101 y Calle 103,572,Buena vista,"4,3","0,78"
Calle,EDIF 6 A72,Calle,87,Calle,83A,Calle EDIF 6 A72 entre Calle 87 y Calle 83A,497,Pueblo Grifo,"3,6","0,68"
Calle,EDIF 32 C101,Avenida,72,Avenida,74,Calle EDIF 32 C101 entre Avenida 72 y Avenida 74,508,Buena vista,"3,7","0,70"
Calle,EDIF 20 FAR C71,Calle,78,Calle,78A,Calle EDIF 20 FAR C71 entre Calle 78 y Calle 78A,475,Pueblo Grifo,"3,4","0,65"